cell_id	0	1	2	3	4	5	6	7	8	9
Lnuclei-pool51-S1-A	1.0	1.2966752617925766e-48	1.3290036186158977e-91	1.3290036186158977e-91	1.3290036186158977e-91	1.3290036186158977e-91	1.3290036186158977e-91	1.3290036186158977e-91	1.3290036186158977e-91	1.3290036186158977e-91
Lnuclei-pool51-S1-B	1.0	1.787057702743332e-58	2.724079320514221e-70	2.724079320514221e-70	2.724079320514221e-70	2.724079320514221e-70	2.724079320514221e-70	2.724079320514221e-70	2.724079320514221e-70	2.724079320514221e-70
Lnuclei-pool51-S1-C	1.0	2.8723667948347155e-86	2.9054150501348655e-112	2.9054150501348655e-112	2.9054150501348655e-112	2.9054150501348655e-112	2.9054150501348655e-112	2.9054150501348655e-112	2.9054150501348655e-112	2.9054150501348655e-112
Lnuclei-pool51-S1-D	1.0	2.559812026567596e-48	2.999486647443773e-79	2.999486647443773e-79	2.999486647443773e-79	2.999486647443773e-79	2.999486647443773e-79	2.999486647443773e-79	2.999486647443773e-79	2.999486647443773e-79
Lnuclei-pool52-S1-A	1.0	1.410865957486507e-59	1.5962717379907995e-63	1.5962717379907995e-63	1.5962717379907995e-63	1.5962717379907995e-63	1.5962717379907995e-63	1.5962717379907995e-63	1.5962717379907995e-63	1.5962717379907995e-63
Lnuclei-pool52-S1-B	3.0082418729223297e-25	1.0	8.337581799927664e-44	8.337581799927664e-44	8.337581799927664e-44	8.337581799927664e-44	8.337581799927664e-44	8.337581799927664e-44	8.337581799927664e-44	8.337581799927664e-44
Lnuclei-pool52-S1-C	1.0	7.955615983077364e-31	3.1325083721706683e-75	3.1325083721706683e-75	3.1325083721706683e-75	3.1325083721706683e-75	3.1325083721706683e-75	3.1325083721706683e-75	3.1325083721706683e-75	3.1325083721706683e-75
Lnuclei-pool53-S1-A	1.0	1.1119076315098668e-117	7.300261522537262e-139	7.300261522537262e-139	7.300261522537262e-139	7.300261522537262e-139	7.300261522537262e-139	7.300261522537262e-139	7.300261522537262e-139	7.300261522537262e-139
Lnuclei-pool53-S1-B	1.2196592872219391e-73	1.0	1.8105681297023712e-146	1.8105681297023712e-146	1.8105681297023712e-146	1.8105681297023712e-146	1.8105681297023712e-146	1.8105681297023712e-146	1.8105681297023712e-146	1.8105681297023712e-146
Lnuclei-pool53-S1-C	1.0	2.7100919828651434e-90	1.5291631803106142e-103	1.5291631803106142e-103	1.5291631803106142e-103	1.5291631803106142e-103	1.5291631803106142e-103	1.5291631803106142e-103	1.5291631803106142e-103	1.5291631803106142e-103
Lnuclei-pool53-S1-D	1.0	1.1913254990246548e-68	6.109929422306463e-85	6.109929422306463e-85	6.109929422306463e-85	6.109929422306463e-85	6.109929422306463e-85	6.109929422306463e-85	6.109929422306463e-85	6.109929422306463e-85
Lnuclei-pool54-S1-A	3.7773558921064074e-128	1.0	1.9004847087693133e-169	1.9004847087693133e-169	1.9004847087693133e-169	1.9004847087693133e-169	1.9004847087693133e-169	1.9004847087693133e-169	1.9004847087693133e-169	1.9004847087693133e-169
Lnuclei-pool54-S1-B	1.0	3.0124233473393434e-200	2.7057118674875336e-232	2.7057118674875336e-232	2.7057118674875336e-232	2.7057118674875336e-232	2.7057118674875336e-232	2.7057118674875336e-232	2.7057118674875336e-232	2.7057118674875336e-232
Lnuclei-pool54-S1-C	1.0	2.2369334063724653e-175	6.348507230255263e-225	6.348507230255263e-225	6.348507230255263e-225	6.348507230255263e-225	6.348507230255263e-225	6.348507230255263e-225	6.348507230255263e-225	6.348507230255263e-225
Lnuclei-pool54-S1-D	5.394175103099416e-189	1.0	5.427441449402739e-217	5.427441449402739e-217	5.427441449402739e-217	5.427441449402739e-217	5.427441449402739e-217	5.427441449402739e-217	5.427441449402739e-217	5.427441449402739e-217
Lnuclei-pool55-S1-A	4.9557167625544e-181	1.0	8.690264802264105e-180	8.690264802264105e-180	8.690264802264105e-180	8.690264802264105e-180	8.690264802264105e-180	8.690264802264105e-180	8.690264802264105e-180	8.690264802264105e-180
Lnuclei-pool55-S1-B	1.0	6.493381583682759e-224	5.918313287039046e-259	5.918313287039046e-259	5.918313287039046e-259	5.918313287039046e-259	5.918313287039046e-259	5.918313287039046e-259	5.918313287039046e-259	5.918313287039046e-259
Lnuclei-pool55-S1-C	1.0	4.436408032017379e-204	2.1886184831653955e-255	2.1886184831653955e-255	2.1886184831653955e-255	2.1886184831653955e-255	2.1886184831653955e-255	2.1886184831653955e-255	2.1886184831653955e-255	2.1886184831653955e-255
Lnuclei-pool55-S1-D	1.287075488722869e-145	1.0	1.0851826593130514e-151	1.0851826593130514e-151	1.0851826593130514e-151	1.0851826593130514e-151	1.0851826593130514e-151	1.0851826593130514e-151	1.0851826593130514e-151	1.0851826593130514e-151
Lnuclei-pool56-S1-A	1.2886781624766771e-192	1.0	1.2484966906367502e-223	1.2484966906367502e-223	1.2484966906367502e-223	1.2484966906367502e-223	1.2484966906367502e-223	1.2484966906367502e-223	1.2484966906367502e-223	1.2484966906367502e-223
Lnuclei-pool56-S1-B	1.0	3.2536089345288086e-106	2.1850972223199213e-204	2.1850972223199213e-204	2.1850972223199213e-204	2.1850972223199213e-204	2.1850972223199213e-204	2.1850972223199213e-204	2.1850972223199213e-204	2.1850972223199213e-204
Lnuclei-pool56-S1-C	2.2877245638660199e-212	1.0	2.850248918972987e-259	2.850248918972987e-259	2.850248918972987e-259	2.850248918972987e-259	2.850248918972987e-259	2.850248918972987e-259	2.850248918972987e-259	2.850248918972987e-259
Lnuclei-pool56-S1-D	2.504609229487018e-169	1.0	8.659153691015548e-228	8.659153691015548e-228	8.659153691015548e-228	8.659153691015548e-228	8.659153691015548e-228	8.659153691015548e-228	8.659153691015548e-228	8.659153691015548e-228
Lnuclei-pool57-S1-A	6.064936936728888e-170	1.0	2.268496293982447e-205	2.268496293982447e-205	2.268496293982447e-205	2.268496293982447e-205	2.268496293982447e-205	2.268496293982447e-205	2.268496293982447e-205	2.268496293982447e-205
Lnuclei-pool57-S1-B	1.5419780181988297e-147	1.0	1.9620964595066897e-185	1.9620964595066897e-185	1.9620964595066897e-185	1.9620964595066897e-185	1.9620964595066897e-185	1.9620964595066897e-185	1.9620964595066897e-185	1.9620964595066897e-185
Lnuclei-pool57-S1-C	1.0766690492002956e-186	1.0	2.767048793523099e-232	2.767048793523099e-232	2.767048793523099e-232	2.767048793523099e-232	2.767048793523099e-232	2.767048793523099e-232	2.767048793523099e-232	2.767048793523099e-232
Lnuclei-pool57-S1-D	1.0	3.060083145744111e-190	3.973566767792491e-212	3.973566767792491e-212	3.973566767792491e-212	3.973566767792491e-212	3.973566767792491e-212	3.973566767792491e-212	3.973566767792491e-212	3.973566767792491e-212
Lnuclei-pool58-S1-A	7.859888547167446e-250	1.0	3.984234822886178e-267	3.984234822886178e-267	3.984234822886178e-267	3.984234822886178e-267	3.984234822886178e-267	3.984234822886178e-267	3.984234822886178e-267	3.984234822886178e-267
Lnuclei-pool58-S1-B	5.037719340276943e-154	1.0	1.2311548537710139e-188	1.2311548537710139e-188	1.2311548537710139e-188	1.2311548537710139e-188	1.2311548537710139e-188	1.2311548537710139e-188	1.2311548537710139e-188	1.2311548537710139e-188
Lnuclei-pool58-S1-C	7.007550452280174e-245	1.0	7.619100393193041e-264	7.619100393193041e-264	7.619100393193041e-264	7.619100393193041e-264	7.619100393193041e-264	7.619100393193041e-264	7.619100393193041e-264	7.619100393193041e-264
Lnuclei-pool58-S1-D	1.8511941009653877e-165	1.0	2.541815890309985e-188	2.541815890309985e-188	2.541815890309985e-188	2.541815890309985e-188	2.541815890309985e-188	2.541815890309985e-188	2.541815890309985e-188	2.541815890309985e-188
Lnuclei-pool59-S1-A	1.0	4.895768524283214e-260	2.8749774238452653e-288	2.8749774238452653e-288	2.8749774238452653e-288	2.8749774238452653e-288	2.8749774238452653e-288	2.8749774238452653e-288	2.8749774238452653e-288	2.8749774238452653e-288
Lnuclei-pool59-S1-B	1.0	2.153906117231859e-141	2.0329686670412013e-221	2.0329686670412013e-221	2.0329686670412013e-221	2.0329686670412013e-221	2.0329686670412013e-221	2.0329686670412013e-221	2.0329686670412013e-221	2.0329686670412013e-221
Lnuclei-pool59-S1-C	1.3106439221881635e-233	1.0	3.7728397693445605e-302	3.7728397693445605e-302	3.7728397693445605e-302	3.7728397693445605e-302	3.7728397693445605e-302	3.7728397693445605e-302	3.7728397693445605e-302	3.7728397693445605e-302
Lnuclei-pool59-S1-D	1.0	6.409237096118516e-98	5.974164184513187e-179	5.974164184513187e-179	5.974164184513187e-179	5.974164184513187e-179	5.974164184513187e-179	5.974164184513187e-179	5.974164184513187e-179	5.974164184513187e-179
Lnuclei-pool60-S1-A	1.4024101285375333e-184	1.0	3.133217754746269e-224	3.133217754746269e-224	3.133217754746269e-224	3.133217754746269e-224	3.133217754746269e-224	3.133217754746269e-224	3.133217754746269e-224	3.133217754746269e-224
Lnuclei-pool60-S1-B	1.0	3.736985944704465e-114	3.476393046143007e-162	3.476393046143007e-162	3.476393046143007e-162	3.476393046143007e-162	3.476393046143007e-162	3.476393046143007e-162	3.476393046143007e-162	3.476393046143007e-162
Lnuclei-pool60-S1-C	1.4969012281788715e-143	1.0	5.724011458883114e-220	5.724011458883114e-220	5.724011458883114e-220	5.724011458883114e-220	5.724011458883114e-220	5.724011458883114e-220	5.724011458883114e-220	5.724011458883114e-220
Lnuclei-pool60-S1-D	2.661516623728008e-137	1.0	9.651990131967997e-158	9.651990131967997e-158	9.651990131967997e-158	9.651990131967997e-158	9.651990131967997e-158	9.651990131967997e-158	9.651990131967997e-158	9.651990131967997e-158
Lnuclei-pool76-S7-A-TAGCTT	2.216497567059424e-238	1.0	2.2032588838903276e-255	2.2032588838903276e-255	2.2032588838903276e-255	2.2032588838903276e-255	2.2032588838903276e-255	2.2032588838903276e-255	2.2032588838903276e-255	2.2032588838903276e-255
Lnuclei-pool76-S7-B-ACTTGA	1.0965684951496612e-205	1.0	3.871367415200776e-273	3.871367415200776e-273	3.871367415200776e-273	3.871367415200776e-273	3.871367415200776e-273	3.871367415200776e-273	3.871367415200776e-273	3.871367415200776e-273
Lnuclei-pool76-S7-C-GCCAAT	1.0	2.0302406963744952e-249	3.9243e-319	3.9243e-319	3.9243e-319	3.9243e-319	3.9243e-319	3.9243e-319	3.9243e-319	3.9243e-319
Lnuclei-pool76-S7-H-CAGATC	1.0	4.183175695582827e-101	1.0734579869253864e-179	1.0734579869253864e-179	1.0734579869253864e-179	1.0734579869253864e-179	1.0734579869253864e-179	1.0734579869253864e-179	1.0734579869253864e-179	1.0734579869253864e-179
Lnuclei-pool76-S7-J-GACGAG	1.1239204249326164e-140	1.0	3.747021055052723e-185	3.747021055052723e-185	3.747021055052723e-185	3.747021055052723e-185	3.747021055052723e-185	3.747021055052723e-185	3.747021055052723e-185	3.747021055052723e-185
Lnuclei-pool76-S7-K-AAGGTC	1.0	1.0093591829676661e-283	0.0	0.0	0.0	0.0	0.0	0.0	0.0	0.0
Lnuclei-pool76-S7-L-TGTAGC	6.136845580800879e-179	1.0	1.5836475808431448e-239	1.5836475808431448e-239	1.5836475808431448e-239	1.5836475808431448e-239	1.5836475808431448e-239	1.5836475808431448e-239	1.5836475808431448e-239	1.5836475808431448e-239
Lnuclei-pool76-S7-N-CTACTG	9.373060346452783e-261	1.0	2.303566e-318	2.303566e-318	2.303566e-318	2.303566e-318	2.303566e-318	2.303566e-318	2.303566e-318	2.303566e-318
Lnuclei-pool76-S7-O-CATATG	1.0	2.70212552160953e-310	0.0	0.0	0.0	0.0	0.0	0.0	0.0	0.0
Lnuclei-pool76-S7-P-GTATAC	1.4968385136843083e-204	1.0	1.1522498483763765e-287	1.1522498483763765e-287	1.1522498483763765e-287	1.1522498483763765e-287	1.1522498483763765e-287	1.1522498483763765e-287	1.1522498483763765e-287	1.1522498483763765e-287
Lnuclei-pool76-S7-Q-ACCTTC	1.0	0.0	0.0	0.0	0.0	0.0	0.0	0.0	0.0	0.0
Lnuclei-pool77-S8-A-TAGCTT	1.0	8.37023160160166e-172	2.5678980734546544e-263	2.5678980734546544e-263	2.5678980734546544e-263	2.5678980734546544e-263	2.5678980734546544e-263	2.5678980734546544e-263	2.5678980734546544e-263	2.5678980734546544e-263
Lnuclei-pool77-S8-B-ACTTGA	1.0	7.02599727887776e-170	6.529341337986262e-218	6.529341337986262e-218	6.529341337986262e-218	6.529341337986262e-218	6.529341337986262e-218	6.529341337986262e-218	6.529341337986262e-218	6.529341337986262e-218
Lnuclei-pool77-S8-C-GCCAAT	1.557081765639614e-69	1.0	2.6777792000598503e-93	2.6777792000598503e-93	2.6777792000598503e-93	2.6777792000598503e-93	2.6777792000598503e-93	2.6777792000598503e-93	2.6777792000598503e-93	2.6777792000598503e-93
Lnuclei-pool77-S8-D-CGATGT	3.9483482158085995e-39	1.0	1.6243455018788736e-36	1.6243455018788736e-36	1.6243455018788736e-36	1.6243455018788736e-36	1.6243455018788736e-36	1.6243455018788736e-36	1.6243455018788736e-36	1.6243455018788736e-36
Lnuclei-pool77-S8-H-CAGATC	1.0	9.01549153e-315	0.0	0.0	0.0	0.0	0.0	0.0	0.0	0.0
Lnuclei-pool77-S8-J-GACGAG	8.002271749972931e-160	1.0	8.383269280668279e-193	8.383269280668279e-193	8.383269280668279e-193	8.383269280668279e-193	8.383269280668279e-193	8.383269280668279e-193	8.383269280668279e-193	8.383269280668279e-193
Lnuclei-pool77-S8-K-AAGGTC	1.0	4.275700083482343e-200	6.419876688631515e-274	6.419876688631515e-274	6.419876688631515e-274	6.419876688631515e-274	6.419876688631515e-274	6.419876688631515e-274	6.419876688631515e-274	6.419876688631515e-274
Lnuclei-pool77-S8-L-TGTAGC	9.940029066999335e-203	1.0	3.8643247983765634e-251	3.8643247983765634e-251	3.8643247983765634e-251	3.8643247983765634e-251	3.8643247983765634e-251	3.8643247983765634e-251	3.8643247983765634e-251	3.8643247983765634e-251
Lnuclei-pool77-S8-M-TTGGCA	1.5030495429036416e-176	1.0	2.4204516010871375e-233	2.4204516010871375e-233	2.4204516010871375e-233	2.4204516010871375e-233	2.4204516010871375e-233	2.4204516010871375e-233	2.4204516010871375e-233	2.4204516010871375e-233
Lnuclei-pool77-S8-P-GTATAC	2.2800848562199075e-237	1.0	2.669203824034748e-279	2.669203824034748e-279	2.669203824034748e-279	2.669203824034748e-279	2.669203824034748e-279	2.669203824034748e-279	2.669203824034748e-279	2.669203824034748e-279
Lnuclei-pool77-S8-Q-ACCTTC	1.0	6.3e-322	0.0	0.0	0.0	0.0	0.0	0.0	0.0	0.0
Lnuclei-pool78-S9-A-TAGCTT	1.0	2.4319674875412112e-57	1.5809545921969727e-125	1.5809545921969727e-125	1.5809545921969727e-125	1.5809545921969727e-125	1.5809545921969727e-125	1.5809545921969727e-125	1.5809545921969727e-125	1.5809545921969727e-125
Lnuclei-pool78-S9-B-ACTTGA	1.0	8.645028073509471e-83	1.3560662379874084e-128	1.3560662379874084e-128	1.3560662379874084e-128	1.3560662379874084e-128	1.3560662379874084e-128	1.3560662379874084e-128	1.3560662379874084e-128	1.3560662379874084e-128
Lnuclei-pool78-S9-C-GCCAAT	1.0990242947070334e-111	1.0	1.0970870614774522e-151	1.0970870614774522e-151	1.0970870614774522e-151	1.0970870614774522e-151	1.0970870614774522e-151	1.0970870614774522e-151	1.0970870614774522e-151	1.0970870614774522e-151
Lnuclei-pool78-S9-F-ATCACG	1.0	1.5086397918370973e-113	3.0606214798208365e-147	3.0606214798208365e-147	3.0606214798208365e-147	3.0606214798208365e-147	3.0606214798208365e-147	3.0606214798208365e-147	3.0606214798208365e-147	3.0606214798208365e-147
Lnuclei-pool78-S9-H-CAGATC	1.0	4.4453417292568347e-79	4.205813624083833e-98	4.205813624083833e-98	4.205813624083833e-98	4.205813624083833e-98	4.205813624083833e-98	4.205813624083833e-98	4.205813624083833e-98	4.205813624083833e-98
Lnuclei-pool78-S9-J-GACGAG	1.0	2.087226903315907e-67	4.215264503797882e-108	4.215264503797882e-108	4.215264503797882e-108	4.215264503797882e-108	4.215264503797882e-108	4.215264503797882e-108	4.215264503797882e-108	4.215264503797882e-108
Lnuclei-pool78-S9-K-AAGGTC	1.0	3.70035652310252e-69	7.942400181571e-132	7.942400181571e-132	7.942400181571e-132	7.942400181571e-132	7.942400181571e-132	7.942400181571e-132	7.942400181571e-132	7.942400181571e-132
Lnuclei-pool78-S9-L-TGTAGC	1.0157592988767553e-78	1.0	4.122276135620287e-76	4.122276135620287e-76	4.122276135620287e-76	4.122276135620287e-76	4.122276135620287e-76	4.122276135620287e-76	4.122276135620287e-76	4.122276135620287e-76
Lnuclei-pool78-S9-M-TTGGCA	1.0	1.3110131689464047e-202	8.784561490255771e-217	8.784561490255771e-217	8.784561490255771e-217	8.784561490255771e-217	8.784561490255771e-217	8.784561490255771e-217	8.784561490255771e-217	8.784561490255771e-217
Lnuclei-pool78-S9-N-CTACTG	3.034877683117133e-177	1.0	7.284727444711575e-226	7.284727444711575e-226	7.284727444711575e-226	7.284727444711575e-226	7.284727444711575e-226	7.284727444711575e-226	7.284727444711575e-226	7.284727444711575e-226
Lnuclei-pool78-S9-O-CATATG	9.672513032148442e-100	1.0	1.0754695722258892e-167	1.0754695722258892e-167	1.0754695722258892e-167	1.0754695722258892e-167	1.0754695722258892e-167	1.0754695722258892e-167	1.0754695722258892e-167	1.0754695722258892e-167
Lnuclei-pool78-S9-Q-ACCTTC	8.47505452808151e-304	1.0	0.0	0.0	0.0	0.0	0.0	0.0	0.0	0.0
Lnuclei-pool79-S10-A-TAGCTT	3.7360936899483517e-236	1.0	2.4928319376196454e-271	2.4928319376196454e-271	2.4928319376196454e-271	2.4928319376196454e-271	2.4928319376196454e-271	2.4928319376196454e-271	2.4928319376196454e-271	2.4928319376196454e-271
Lnuclei-pool79-S10-B-ACTTGA	4.75208596851916e-135	1.0	2.1015098251148323e-172	2.1015098251148323e-172	2.1015098251148323e-172	2.1015098251148323e-172	2.1015098251148323e-172	2.1015098251148323e-172	2.1015098251148323e-172	2.1015098251148323e-172
Lnuclei-pool79-S10-C-GCCAAT	1.0	6.538869184214983e-117	1.710942119933478e-124	1.710942119933478e-124	1.710942119933478e-124	1.710942119933478e-124	1.710942119933478e-124	1.710942119933478e-124	1.710942119933478e-124	1.710942119933478e-124
Lnuclei-pool79-S10-D-CGATGT	1.1205362030856209e-156	1.0	1.2716470021072262e-162	1.2716470021072262e-162	1.2716470021072262e-162	1.2716470021072262e-162	1.2716470021072262e-162	1.2716470021072262e-162	1.2716470021072262e-162	1.2716470021072262e-162
Lnuclei-pool79-S10-F-ATCACG	2.3756715648755487e-225	1.0	4.74277638033513e-257	4.74277638033513e-257	4.74277638033513e-257	4.74277638033513e-257	4.74277638033513e-257	4.74277638033513e-257	4.74277638033513e-257	4.74277638033513e-257
Lnuclei-pool79-S10-H-CAGATC	1.0	5.953295532871975e-185	4.816614976069864e-223	4.816614976069864e-223	4.816614976069864e-223	4.816614976069864e-223	4.816614976069864e-223	4.816614976069864e-223	4.816614976069864e-223	4.816614976069864e-223
Lnuclei-pool79-S10-I-CTTGTA	9.871003199193928e-268	1.0	1.705e-321	1.705e-321	1.705e-321	1.705e-321	1.705e-321	1.705e-321	1.705e-321	1.705e-321
Lnuclei-pool79-S10-J-GACGAG	3.0645257430176827e-117	1.0	1.7273059498319634e-162	1.7273059498319634e-162	1.7273059498319634e-162	1.7273059498319634e-162	1.7273059498319634e-162	1.7273059498319634e-162	1.7273059498319634e-162	1.7273059498319634e-162
Lnuclei-pool79-S10-K-AAGGTC	3.522302455347359e-151	1.0	2.3466411143024684e-221	2.3466411143024684e-221	2.3466411143024684e-221	2.3466411143024684e-221	2.3466411143024684e-221	2.3466411143024684e-221	2.3466411143024684e-221	2.3466411143024684e-221
Lnuclei-pool79-S10-L-TGTAGC	8.933314635666167e-123	1.0	2.058992693775314e-160	2.058992693775314e-160	2.058992693775314e-160	2.058992693775314e-160	2.058992693775314e-160	2.058992693775314e-160	2.058992693775314e-160	2.058992693775314e-160
Lnuclei-pool79-S10-M-TTGGCA	1.0	7.535442743213679e-141	6.667124107071427e-186	6.667124107071427e-186	6.667124107071427e-186	6.667124107071427e-186	6.667124107071427e-186	6.667124107071427e-186	6.667124107071427e-186	6.667124107071427e-186
Lnuclei-pool79-S10-N-CTACTG	1.0	4.963379039321479e-122	1.0344165923961536e-163	1.0344165923961536e-163	1.0344165923961536e-163	1.0344165923961536e-163	1.0344165923961536e-163	1.0344165923961536e-163	1.0344165923961536e-163	1.0344165923961536e-163
Lnuclei-pool79-S10-O-CATATG	1.0	4.034840750378683e-129	2.248646080304305e-182	2.248646080304305e-182	2.248646080304305e-182	2.248646080304305e-182	2.248646080304305e-182	2.248646080304305e-182	2.248646080304305e-182	2.248646080304305e-182
Lnuclei-pool79-S10-P-GTATAC	1.0	2.114754260424048e-33	1.1551338535818589e-164	1.1551338535818589e-164	1.1551338535818589e-164	1.1551338535818589e-164	1.1551338535818589e-164	1.1551338535818589e-164	1.1551338535818589e-164	1.1551338535818589e-164
Lnuclei-pool79-S10-Q-ACCTTC	2.5439727967897255e-257	1.0	4.473102425407486e-292	4.473102425407486e-292	4.473102425407486e-292	4.473102425407486e-292	4.473102425407486e-292	4.473102425407486e-292	4.473102425407486e-292	4.473102425407486e-292
Lnuclei-pool80-S11-A-TAGCTT	9.29125176646567e-148	1.0	4.657753233859828e-164	4.657753233859828e-164	4.657753233859828e-164	4.657753233859828e-164	4.657753233859828e-164	4.657753233859828e-164	4.657753233859828e-164	4.657753233859828e-164
Lnuclei-pool80-S11-B-ACTTGA	1.0	4.566252868349277e-203	5.278008565731786e-249	5.278008565731786e-249	5.278008565731786e-249	5.278008565731786e-249	5.278008565731786e-249	5.278008565731786e-249	5.278008565731786e-249	5.278008565731786e-249
Lnuclei-pool80-S11-C-GCCAAT	1.0	1.0963862372397304e-200	2.781121869551872e-242	2.781121869551872e-242	2.781121869551872e-242	2.781121869551872e-242	2.781121869551872e-242	2.781121869551872e-242	2.781121869551872e-242	2.781121869551872e-242
Lnuclei-pool80-S11-D-CGATGT	4.7907845359134095e-118	1.0	3.9386406423760175e-133	3.9386406423760175e-133	3.9386406423760175e-133	3.9386406423760175e-133	3.9386406423760175e-133	3.9386406423760175e-133	3.9386406423760175e-133	3.9386406423760175e-133
Lnuclei-pool80-S11-G-TGACCA	6.67e-322	1.0	0.0	0.0	0.0	0.0	0.0	0.0	0.0	0.0
Lnuclei-pool80-S11-H-CAGATC	1.6224799912506285e-188	1.0	4.3120483332763386e-266	4.3120483332763386e-266	4.3120483332763386e-266	4.3120483332763386e-266	4.3120483332763386e-266	4.3120483332763386e-266	4.3120483332763386e-266	4.3120483332763386e-266
Lnuclei-pool80-S11-I-CTTGTA	5.731515031882973e-124	1.0	2.817861553326048e-191	2.817861553326048e-191	2.817861553326048e-191	2.817861553326048e-191	2.817861553326048e-191	2.817861553326048e-191	2.817861553326048e-191	2.817861553326048e-191
Lnuclei-pool80-S11-J-GACGAG	1.0	8.442294446371263e-105	2.886223023858276e-119	2.886223023858276e-119	2.886223023858276e-119	2.886223023858276e-119	2.886223023858276e-119	2.886223023858276e-119	2.886223023858276e-119	2.886223023858276e-119
Lnuclei-pool80-S11-K-AAGGTC	3.0790093554057546e-87	1.0	8.301869584523056e-125	8.301869584523056e-125	8.301869584523056e-125	8.301869584523056e-125	8.301869584523056e-125	8.301869584523056e-125	8.301869584523056e-125	8.301869584523056e-125
Lnuclei-pool80-S11-L-TGTAGC	1.0	3.76839979550469e-53	1.1557931746426789e-97	1.1557931746426789e-97	1.1557931746426789e-97	1.1557931746426789e-97	1.1557931746426789e-97	1.1557931746426789e-97	1.1557931746426789e-97	1.1557931746426789e-97
Lnuclei-pool80-S11-M-TTGGCA	1.104562754321015e-196	1.0	1.6476011920405941e-261	1.6476011920405941e-261	1.6476011920405941e-261	1.6476011920405941e-261	1.6476011920405941e-261	1.6476011920405941e-261	1.6476011920405941e-261	1.6476011920405941e-261
Lnuclei-pool80-S11-N-CTACTG	2.0438998297245175e-212	1.0	1.9234544410944956e-226	1.9234544410944956e-226	1.9234544410944956e-226	1.9234544410944956e-226	1.9234544410944956e-226	1.9234544410944956e-226	1.9234544410944956e-226	1.9234544410944956e-226
Lnuclei-pool80-S11-O-CATATG	1.0	2.569437512202973e-255	7.557012664344867e-272	7.557012664344867e-272	7.557012664344867e-272	7.557012664344867e-272	7.557012664344867e-272	7.557012664344867e-272	7.557012664344867e-272	7.557012664344867e-272
Lnuclei-pool80-S11-P-GTATAC	2.5152372213297172e-169	1.0	6.019381520164463e-222	6.019381520164463e-222	6.019381520164463e-222	6.019381520164463e-222	6.019381520164463e-222	6.019381520164463e-222	6.019381520164463e-222	6.019381520164463e-222
Lnuclei-pool80-S11-Q-ACCTTC	1.0	7.201510402730646e-101	2.0913951838668204e-185	2.0913951838668204e-185	2.0913951838668204e-185	2.0913951838668204e-185	2.0913951838668204e-185	2.0913951838668204e-185	2.0913951838668204e-185	2.0913951838668204e-185
Lnuclei-pool81-S12-A-TAGCTT	1.0	9.141340182851094e-290	1.26414189027913e-309	1.26414189027913e-309	1.26414189027913e-309	1.26414189027913e-309	1.26414189027913e-309	1.26414189027913e-309	1.26414189027913e-309	1.26414189027913e-309
Lnuclei-pool81-S12-B-ACTTGA	1.973198729358551e-201	1.0	5.89272380083405e-186	5.89272380083405e-186	5.89272380083405e-186	5.89272380083405e-186	5.89272380083405e-186	5.89272380083405e-186	5.89272380083405e-186	5.89272380083405e-186
Lnuclei-pool81-S12-C-GCCAAT	2.893287263055877e-172	1.0	9.094947394791277e-205	9.094947394791277e-205	9.094947394791277e-205	9.094947394791277e-205	9.094947394791277e-205	9.094947394791277e-205	9.094947394791277e-205	9.094947394791277e-205
Lnuclei-pool81-S12-D-CGATGT	1.9616286060081554e-131	1.0	2.9134816534292835e-158	2.9134816534292835e-158	2.9134816534292835e-158	2.9134816534292835e-158	2.9134816534292835e-158	2.9134816534292835e-158	2.9134816534292835e-158	2.9134816534292835e-158
Lnuclei-pool81-S12-H-CAGATC	1.0	1.0885517437899929e-154	2.9874665316770932e-199	2.9874665316770932e-199	2.9874665316770932e-199	2.9874665316770932e-199	2.9874665316770932e-199	2.9874665316770932e-199	2.9874665316770932e-199	2.9874665316770932e-199
Lnuclei-pool81-S12-J-GACGAG	1.0	5.2402331606029015e-68	4.467497637467281e-109	4.467497637467281e-109	4.467497637467281e-109	4.467497637467281e-109	4.467497637467281e-109	4.467497637467281e-109	4.467497637467281e-109	4.467497637467281e-109
Lnuclei-pool81-S12-K-AAGGTC	1.3152810950439018e-228	1.0	4.531407312755014e-264	4.531407312755014e-264	4.531407312755014e-264	4.531407312755014e-264	4.531407312755014e-264	4.531407312755014e-264	4.531407312755014e-264	4.531407312755014e-264
Lnuclei-pool81-S12-L-TGTAGC	9.613808774498498e-139	1.0	1.4612291394863915e-167	1.4612291394863915e-167	1.4612291394863915e-167	1.4612291394863915e-167	1.4612291394863915e-167	1.4612291394863915e-167	1.4612291394863915e-167	1.4612291394863915e-167
Lnuclei-pool81-S12-M-TTGGCA	1.0	5.587245348315483e-220	1.699068432378113e-254	1.699068432378113e-254	1.699068432378113e-254	1.699068432378113e-254	1.699068432378113e-254	1.699068432378113e-254	1.699068432378113e-254	1.699068432378113e-254
Lnuclei-pool81-S12-O-CATATG	2.9905180152742653e-202	1.0	4.2208037248221974e-241	4.2208037248221974e-241	4.2208037248221974e-241	4.2208037248221974e-241	4.2208037248221974e-241	4.2208037248221974e-241	4.2208037248221974e-241	4.2208037248221974e-241
Lnuclei-pool81-S12-P-GTATAC	1.0	5.519906926068034e-216	1.3611046041639628e-242	1.3611046041639628e-242	1.3611046041639628e-242	1.3611046041639628e-242	1.3611046041639628e-242	1.3611046041639628e-242	1.3611046041639628e-242	1.3611046041639628e-242
Lnuclei-pool81-S12-Q-ACCTTC	1.0	1.718459396611106e-195	1.1438294632322857e-261	1.1438294632322857e-261	1.1438294632322857e-261	1.1438294632322857e-261	1.1438294632322857e-261	1.1438294632322857e-261	1.1438294632322857e-261	1.1438294632322857e-261
Lnuclei-pool82-S13-A-TAGCTT	1.5815963085353436e-152	1.0	1.773843838538764e-167	1.773843838538764e-167	1.773843838538764e-167	1.773843838538764e-167	1.773843838538764e-167	1.773843838538764e-167	1.773843838538764e-167	1.773843838538764e-167
Lnuclei-pool82-S13-AA-GGAATG	1.317035270443295e-76	1.0	9.97469097458768e-91	9.97469097458768e-91	9.97469097458768e-91	9.97469097458768e-91	9.97469097458768e-91	9.97469097458768e-91	9.97469097458768e-91	9.97469097458768e-91
Lnuclei-pool82-S13-B-ACTTGA	1.0	1.3889993985961229e-37	1.093972796005015e-59	1.093972796005015e-59	1.093972796005015e-59	1.093972796005015e-59	1.093972796005015e-59	1.093972796005015e-59	1.093972796005015e-59	1.093972796005015e-59
Lnuclei-pool82-S13-BB-GCTTCA	1.0	1.5263904946514155e-71	2.384349497125517e-79	2.384349497125517e-79	2.384349497125517e-79	2.384349497125517e-79	2.384349497125517e-79	2.384349497125517e-79	2.384349497125517e-79	2.384349497125517e-79
Lnuclei-pool82-S13-C-GCCAAT	1.0	1.943854410724795e-16	6.563630861339776e-42	6.563630861339776e-42	6.563630861339776e-42	6.563630861339776e-42	6.563630861339776e-42	6.563630861339776e-42	6.563630861339776e-42	6.563630861339776e-42
Lnuclei-pool82-S13-CC-TCCTAT	1.0	7.345016045966273e-85	2.603855980256822e-122	2.603855980256822e-122	2.603855980256822e-122	2.603855980256822e-122	2.603855980256822e-122	2.603855980256822e-122	2.603855980256822e-122	2.603855980256822e-122
Lnuclei-pool82-S13-D-CGATGT	7.267290771718815e-64	1.0	1.1136949303359377e-70	1.1136949303359377e-70	1.1136949303359377e-70	1.1136949303359377e-70	1.1136949303359377e-70	1.1136949303359377e-70	1.1136949303359377e-70	1.1136949303359377e-70
Lnuclei-pool82-S13-DD-TAAGGC	1.0	7.281428611781606e-173	1.3075260853319658e-181	1.3075260853319658e-181	1.3075260853319658e-181	1.3075260853319658e-181	1.3075260853319658e-181	1.3075260853319658e-181	1.3075260853319658e-181	1.3075260853319658e-181
Lnuclei-pool82-S13-EE-AACCTG	1.0	2.4905819153443863e-113	3.3384874659990717e-139	3.3384874659990717e-139	3.3384874659990717e-139	3.3384874659990717e-139	3.3384874659990717e-139	3.3384874659990717e-139	3.3384874659990717e-139	3.3384874659990717e-139
Lnuclei-pool82-S13-F-ATCACG	6.477450928800931e-40	1.0	3.0075888913452646e-70	3.0075888913452646e-70	3.0075888913452646e-70	3.0075888913452646e-70	3.0075888913452646e-70	3.0075888913452646e-70	3.0075888913452646e-70	3.0075888913452646e-70
Lnuclei-pool82-S13-FF-TTCCCG	3.979377598682652e-117	1.0	2.8326080134703505e-121	2.8326080134703505e-121	2.8326080134703505e-121	2.8326080134703505e-121	2.8326080134703505e-121	2.8326080134703505e-121	2.8326080134703505e-121	2.8326080134703505e-121
Lnuclei-pool82-S13-GG-GATCAT	1.0023213518509092e-205	1.0	2.565532032782649e-194	2.565532032782649e-194	2.565532032782649e-194	2.565532032782649e-194	2.565532032782649e-194	2.565532032782649e-194	2.565532032782649e-194	2.565532032782649e-194
Lnuclei-pool82-S13-H-CAGATC	3.864948938972964e-79	1.0	1.9493669557413533e-94	1.9493669557413533e-94	1.9493669557413533e-94	1.9493669557413533e-94	1.9493669557413533e-94	1.9493669557413533e-94	1.9493669557413533e-94	1.9493669557413533e-94
Lnuclei-pool82-S13-HH-GCACTT	1.0	4.789934121005211e-99	6.892117122477347e-141	6.892117122477347e-141	6.892117122477347e-141	6.892117122477347e-141	6.892117122477347e-141	6.892117122477347e-141	6.892117122477347e-141	6.892117122477347e-141
Lnuclei-pool82-S13-I-CTTGTA	2.3799196439944886e-125	1.0	1.7522783764382977e-164	1.7522783764382977e-164	1.7522783764382977e-164	1.7522783764382977e-164	1.7522783764382977e-164	1.7522783764382977e-164	1.7522783764382977e-164	1.7522783764382977e-164
Lnuclei-pool82-S13-J-GACGAG	8.327476805486e-100	1.0	5.397899111791242e-127	5.397899111791242e-127	5.397899111791242e-127	5.397899111791242e-127	5.397899111791242e-127	5.397899111791242e-127	5.397899111791242e-127	5.397899111791242e-127
Lnuclei-pool82-S13-K-AAGGTC	1.3320154492374305e-104	1.0	1.0872635440650146e-108	1.0872635440650146e-108	1.0872635440650146e-108	1.0872635440650146e-108	1.0872635440650146e-108	1.0872635440650146e-108	1.0872635440650146e-108	1.0872635440650146e-108
Lnuclei-pool82-S13-L-TGTAGC	1.0	1.5977283201300667e-24	1.0241316557420628e-35	1.0241316557420628e-35	1.0241316557420628e-35	1.0241316557420628e-35	1.0241316557420628e-35	1.0241316557420628e-35	1.0241316557420628e-35	1.0241316557420628e-35
Lnuclei-pool82-S13-M-TTGGCA	4.023478792247151e-117	1.0	3.8225876243462886e-115	3.8225876243462886e-115	3.8225876243462886e-115	3.8225876243462886e-115	3.8225876243462886e-115	3.8225876243462886e-115	3.8225876243462886e-115	3.8225876243462886e-115
Lnuclei-pool82-S13-O-CATATG	8.25297055424716e-132	1.0	2.7703376801572013e-127	2.7703376801572013e-127	2.7703376801572013e-127	2.7703376801572013e-127	2.7703376801572013e-127	2.7703376801572013e-127	2.7703376801572013e-127	2.7703376801572013e-127
Lnuclei-pool82-S13-P-GTATAC	3.969606790713269e-67	1.0	4.783987286031728e-106	4.783987286031728e-106	4.783987286031728e-106	4.783987286031728e-106	4.783987286031728e-106	4.783987286031728e-106	4.783987286031728e-106	4.783987286031728e-106
Lnuclei-pool82-S13-Q-ACCTTC	3.0960541016474524e-114	1.0	2.2318758588020238e-119	2.2318758588020238e-119	2.2318758588020238e-119	2.2318758588020238e-119	2.2318758588020238e-119	2.2318758588020238e-119	2.2318758588020238e-119	2.2318758588020238e-119
Lnuclei-pool82-S13-R-CTTCCA	1.0	5.458833908680713e-200	1.6116616922043272e-215	1.6116616922043272e-215	1.6116616922043272e-215	1.6116616922043272e-215	1.6116616922043272e-215	1.6116616922043272e-215	1.6116616922043272e-215	1.6116616922043272e-215
Lnuclei-pool82-S13-S-CGAATG	1.0	4.176314265483136e-152	1.4260277779881421e-170	1.4260277779881421e-170	1.4260277779881421e-170	1.4260277779881421e-170	1.4260277779881421e-170	1.4260277779881421e-170	1.4260277779881421e-170	1.4260277779881421e-170
Lnuclei-pool82-S13-T-AGCATC	1.0	1.0204699641026506e-189	9.166662187719577e-192	9.166662187719577e-192	9.166662187719577e-192	9.166662187719577e-192	9.166662187719577e-192	9.166662187719577e-192	9.166662187719577e-192	9.166662187719577e-192
Lnuclei-pool82-S13-U-TACCGA	1.0	2.8298015034611767e-99	2.1647807959980647e-125	2.1647807959980647e-125	2.1647807959980647e-125	2.1647807959980647e-125	2.1647807959980647e-125	2.1647807959980647e-125	2.1647807959980647e-125	2.1647807959980647e-125
Lnuclei-pool82-S13-V-CAAGGA	6.445879091587936e-128	1.0	4.995243147289874e-136	4.995243147289874e-136	4.995243147289874e-136	4.995243147289874e-136	4.995243147289874e-136	4.995243147289874e-136	4.995243147289874e-136	4.995243147289874e-136
Lnuclei-pool82-S13-X-CCGTAA	2.625563409639893e-127	1.0	2.70990385498812e-168	2.70990385498812e-168	2.70990385498812e-168	2.70990385498812e-168	2.70990385498812e-168	2.70990385498812e-168	2.70990385498812e-168	2.70990385498812e-168
Lnuclei-pool82-S13-Y-ATAGAC	1.0	1.6541174144447177e-69	7.80947489002114e-104	7.80947489002114e-104	7.80947489002114e-104	7.80947489002114e-104	7.80947489002114e-104	7.80947489002114e-104	7.80947489002114e-104	7.80947489002114e-104
Lnuclei-pool82-S13-Z-AGGTCT	1.0	3.694036635803854e-161	3.715051175289011e-186	3.715051175289011e-186	3.715051175289011e-186	3.715051175289011e-186	3.715051175289011e-186	3.715051175289011e-186	3.715051175289011e-186	3.715051175289011e-186
Lnuclei-pool83-S14-AA-GGAATG	1.0	3.687184818774453e-75	9.56989195003855e-118	9.56989195003855e-118	9.56989195003855e-118	9.56989195003855e-118	9.56989195003855e-118	9.56989195003855e-118	9.56989195003855e-118	9.56989195003855e-118
Lnuclei-pool83-S14-B-ACTTGA	1.973607684272983e-108	1.0	9.758138213565864e-127	9.758138213565864e-127	9.758138213565864e-127	9.758138213565864e-127	9.758138213565864e-127	9.758138213565864e-127	9.758138213565864e-127	9.758138213565864e-127
Lnuclei-pool83-S14-BB-GCTTCA	6.811123446963375e-125	1.0	1.2853283921043789e-185	1.2853283921043789e-185	1.2853283921043789e-185	1.2853283921043789e-185	1.2853283921043789e-185	1.2853283921043789e-185	1.2853283921043789e-185	1.2853283921043789e-185
Lnuclei-pool83-S14-C-GCCAAT	2.3415974140410753e-63	1.0	5.231901595770464e-97	5.231901595770464e-97	5.231901595770464e-97	5.231901595770464e-97	5.231901595770464e-97	5.231901595770464e-97	5.231901595770464e-97	5.231901595770464e-97
Lnuclei-pool83-S14-CC-TCCTAT	1.0	1.703015647100586e-62	2.8117447125676092e-99	2.8117447125676092e-99	2.8117447125676092e-99	2.8117447125676092e-99	2.8117447125676092e-99	2.8117447125676092e-99	2.8117447125676092e-99	2.8117447125676092e-99
Lnuclei-pool83-S14-D-CGATGT	4.232594358057588e-76	1.0	3.438249935003969e-94	3.438249935003969e-94	3.438249935003969e-94	3.438249935003969e-94	3.438249935003969e-94	3.438249935003969e-94	3.438249935003969e-94	3.438249935003969e-94
Lnuclei-pool83-S14-DD-TAAGGC	1.0	8.396674153416794e-74	2.3991486745807823e-141	2.3991486745807823e-141	2.3991486745807823e-141	2.3991486745807823e-141	2.3991486745807823e-141	2.3991486745807823e-141	2.3991486745807823e-141	2.3991486745807823e-141
Lnuclei-pool83-S14-EE-AACCTG	5.793588635538024e-109	1.0	4.930020203384275e-156	4.930020203384275e-156	4.930020203384275e-156	4.930020203384275e-156	4.930020203384275e-156	4.930020203384275e-156	4.930020203384275e-156	4.930020203384275e-156
Lnuclei-pool83-S14-FF-TTCCCG	1.0	6.531011072800928e-112	9.538483229538179e-149	9.538483229538179e-149	9.538483229538179e-149	9.538483229538179e-149	9.538483229538179e-149	9.538483229538179e-149	9.538483229538179e-149	9.538483229538179e-149
Lnuclei-pool83-S14-GG-GATCAT	1.4625810215849906e-113	1.0	6.124730835741586e-127	6.124730835741586e-127	6.124730835741586e-127	6.124730835741586e-127	6.124730835741586e-127	6.124730835741586e-127	6.124730835741586e-127	6.124730835741586e-127
Lnuclei-pool83-S14-H-CAGATC	1.0	1.644442326335143e-78	1.3666017712898358e-103	1.3666017712898358e-103	1.3666017712898358e-103	1.3666017712898358e-103	1.3666017712898358e-103	1.3666017712898358e-103	1.3666017712898358e-103	1.3666017712898358e-103
Lnuclei-pool83-S14-HH-GCACTT	5.3026306278131315e-127	1.0	2.5563899523418006e-166	2.5563899523418006e-166	2.5563899523418006e-166	2.5563899523418006e-166	2.5563899523418006e-166	2.5563899523418006e-166	2.5563899523418006e-166	2.5563899523418006e-166
Lnuclei-pool83-S14-I-CTTGTA	1.0	3.1808701436773726e-103	2.177401925263259e-146	2.177401925263259e-146	2.177401925263259e-146	2.177401925263259e-146	2.177401925263259e-146	2.177401925263259e-146	2.177401925263259e-146	2.177401925263259e-146
Lnuclei-pool83-S14-J-GACGAG	1.6282859012591088e-83	1.0	1.4051909224917756e-114	1.4051909224917756e-114	1.4051909224917756e-114	1.4051909224917756e-114	1.4051909224917756e-114	1.4051909224917756e-114	1.4051909224917756e-114	1.4051909224917756e-114
Lnuclei-pool83-S14-K-AAGGTC	5.078714705329914e-97	1.0	4.446349275534436e-136	4.446349275534436e-136	4.446349275534436e-136	4.446349275534436e-136	4.446349275534436e-136	4.446349275534436e-136	4.446349275534436e-136	4.446349275534436e-136
Lnuclei-pool83-S14-L-TGTAGC	7.968443634420023e-36	1.0	2.9170465513337594e-77	2.9170465513337594e-77	2.9170465513337594e-77	2.9170465513337594e-77	2.9170465513337594e-77	2.9170465513337594e-77	2.9170465513337594e-77	2.9170465513337594e-77
Lnuclei-pool83-S14-M-TTGGCA	1.1249425353347675e-101	1.0	4.130181591278595e-127	4.130181591278595e-127	4.130181591278595e-127	4.130181591278595e-127	4.130181591278595e-127	4.130181591278595e-127	4.130181591278595e-127	4.130181591278595e-127
Lnuclei-pool83-S14-N-CTACTG	5.261607394811266e-122	1.0	2.965015573812611e-142	2.965015573812611e-142	2.965015573812611e-142	2.965015573812611e-142	2.965015573812611e-142	2.965015573812611e-142	2.965015573812611e-142	2.965015573812611e-142
Lnuclei-pool83-S14-O-CATATG	3.4582672632421408e-37	1.0	1.9821277633236564e-96	1.9821277633236564e-96	1.9821277633236564e-96	1.9821277633236564e-96	1.9821277633236564e-96	1.9821277633236564e-96	1.9821277633236564e-96	1.9821277633236564e-96
Lnuclei-pool83-S14-P-GTATAC	1.0	1.6837936885730086e-154	2.0795438819731982e-176	2.0795438819731982e-176	2.0795438819731982e-176	2.0795438819731982e-176	2.0795438819731982e-176	2.0795438819731982e-176	2.0795438819731982e-176	2.0795438819731982e-176
Lnuclei-pool83-S14-Q-ACCTTC	1.0	7.62105361509586e-130	9.722784892878662e-157	9.722784892878662e-157	9.722784892878662e-157	9.722784892878662e-157	9.722784892878662e-157	9.722784892878662e-157	9.722784892878662e-157	9.722784892878662e-157
Lnuclei-pool83-S14-R-CTTCCA	1.0	1.077288532259291e-140	4.4069497659617824e-203	4.4069497659617824e-203	4.4069497659617824e-203	4.4069497659617824e-203	4.4069497659617824e-203	4.4069497659617824e-203	4.4069497659617824e-203	4.4069497659617824e-203
Lnuclei-pool83-S14-S-CGAATG	1.0	6.765819343943287e-103	7.758686732866645e-112	7.758686732866645e-112	7.758686732866645e-112	7.758686732866645e-112	7.758686732866645e-112	7.758686732866645e-112	7.758686732866645e-112	7.758686732866645e-112
Lnuclei-pool83-S14-T-AGCATC	1.3088743077859215e-138	1.0	3.2418521431151414e-173	3.2418521431151414e-173	3.2418521431151414e-173	3.2418521431151414e-173	3.2418521431151414e-173	3.2418521431151414e-173	3.2418521431151414e-173	3.2418521431151414e-173
Lnuclei-pool83-S14-U-TACCGA	1.0627288819250229e-176	1.0	7.584307818989144e-284	7.584307818989144e-284	7.584307818989144e-284	7.584307818989144e-284	7.584307818989144e-284	7.584307818989144e-284	7.584307818989144e-284	7.584307818989144e-284
Lnuclei-pool83-S14-X-CCGTAA	5.738623911838219e-125	1.0	1.595835046611143e-154	1.595835046611143e-154	1.595835046611143e-154	1.595835046611143e-154	1.595835046611143e-154	1.595835046611143e-154	1.595835046611143e-154	1.595835046611143e-154
Lnuclei-pool83-S14-Y-ATAGAC	1.0	5.278947893087687e-96	5.903471784292417e-126	5.903471784292417e-126	5.903471784292417e-126	5.903471784292417e-126	5.903471784292417e-126	5.903471784292417e-126	5.903471784292417e-126	5.903471784292417e-126
Lnuclei-pool83-S14-Z-AGGTCT	4.103190897205224e-119	1.0	1.6044018912799268e-155	1.6044018912799268e-155	1.6044018912799268e-155	1.6044018912799268e-155	1.6044018912799268e-155	1.6044018912799268e-155	1.6044018912799268e-155	1.6044018912799268e-155
Lnuclei-pool84-S15-A-TAGCTT	1.0	2.443228739135328e-93	1.703615856372807e-135	1.703615856372807e-135	1.703615856372807e-135	1.703615856372807e-135	1.703615856372807e-135	1.703615856372807e-135	1.703615856372807e-135	1.703615856372807e-135
Lnuclei-pool84-S15-AA-GGAATG	1.0	1.6979732835120205e-87	2.8746739205971833e-133	2.8746739205971833e-133	2.8746739205971833e-133	2.8746739205971833e-133	2.8746739205971833e-133	2.8746739205971833e-133	2.8746739205971833e-133	2.8746739205971833e-133
Lnuclei-pool84-S15-B-ACTTGA	5.817082050620416e-83	1.0	2.1111615600962987e-166	2.1111615600962987e-166	2.1111615600962987e-166	2.1111615600962987e-166	2.1111615600962987e-166	2.1111615600962987e-166	2.1111615600962987e-166	2.1111615600962987e-166
Lnuclei-pool84-S15-BB-GCTTCA	1.0	7.102987411521421e-70	3.816363930894226e-120	3.816363930894226e-120	3.816363930894226e-120	3.816363930894226e-120	3.816363930894226e-120	3.816363930894226e-120	3.816363930894226e-120	3.816363930894226e-120
Lnuclei-pool84-S15-C-GCCAAT	2.0261401201369076e-110	1.0	1.5334309877861043e-133	1.5334309877861043e-133	1.5334309877861043e-133	1.5334309877861043e-133	1.5334309877861043e-133	1.5334309877861043e-133	1.5334309877861043e-133	1.5334309877861043e-133
Lnuclei-pool84-S15-CC-TCCTAT	5.29724910103713e-72	1.0	8.479984369136572e-110	8.479984369136572e-110	8.479984369136572e-110	8.479984369136572e-110	8.479984369136572e-110	8.479984369136572e-110	8.479984369136572e-110	8.479984369136572e-110
Lnuclei-pool84-S15-D-CGATGT	1.0	8.563199560222055e-112	1.777866419935149e-136	1.777866419935149e-136	1.777866419935149e-136	1.777866419935149e-136	1.777866419935149e-136	1.777866419935149e-136	1.777866419935149e-136	1.777866419935149e-136
Lnuclei-pool84-S15-DD-TAAGGC	7.807084692848341e-150	1.0	1.1388252857082452e-190	1.1388252857082452e-190	1.1388252857082452e-190	1.1388252857082452e-190	1.1388252857082452e-190	1.1388252857082452e-190	1.1388252857082452e-190	1.1388252857082452e-190
Lnuclei-pool84-S15-EE-AACCTG	1.0	3.1839154001107783e-96	3.235329272622947e-131	3.235329272622947e-131	3.235329272622947e-131	3.235329272622947e-131	3.235329272622947e-131	3.235329272622947e-131	3.235329272622947e-131	3.235329272622947e-131
Lnuclei-pool84-S15-FF-TTCCCG	1.0	2.16899088855395e-73	2.3298675366242288e-125	2.3298675366242288e-125	2.3298675366242288e-125	2.3298675366242288e-125	2.3298675366242288e-125	2.3298675366242288e-125	2.3298675366242288e-125	2.3298675366242288e-125
Lnuclei-pool84-S15-G-TGACCA	1.0	1.2855774641948598e-183	6.179454248973334e-233	6.179454248973334e-233	6.179454248973334e-233	6.179454248973334e-233	6.179454248973334e-233	6.179454248973334e-233	6.179454248973334e-233	6.179454248973334e-233
Lnuclei-pool84-S15-GG-GATCAT	1.0	2.8234042558605107e-19	2.470976596337508e-133	2.470976596337508e-133	2.470976596337508e-133	2.470976596337508e-133	2.470976596337508e-133	2.470976596337508e-133	2.470976596337508e-133	2.470976596337508e-133
Lnuclei-pool84-S15-H-CAGATC	1.0	2.050549427353458e-190	9.073695027802141e-208	9.073695027802141e-208	9.073695027802141e-208	9.073695027802141e-208	9.073695027802141e-208	9.073695027802141e-208	9.073695027802141e-208	9.073695027802141e-208
Lnuclei-pool84-S15-HH-GCACTT	9.441751960454703e-140	1.0	8.187102693844893e-166	8.187102693844893e-166	8.187102693844893e-166	8.187102693844893e-166	8.187102693844893e-166	8.187102693844893e-166	8.187102693844893e-166	8.187102693844893e-166
Lnuclei-pool84-S15-I-CTTGTA	6.329085827157181e-105	1.0	3.1429430017291755e-159	3.1429430017291755e-159	3.1429430017291755e-159	3.1429430017291755e-159	3.1429430017291755e-159	3.1429430017291755e-159	3.1429430017291755e-159	3.1429430017291755e-159
Lnuclei-pool84-S15-J-GACGAG	0.7943382237850639	0.20384203958006547	0.0002274670793588326	0.0002274670793588326	0.0002274670793588326	0.0002274670793588326	0.0002274670793588326	0.0002274670793588326	0.0002274670793588326	0.0002274670793588326
Lnuclei-pool84-S15-K-AAGGTC	9.101770775165682e-138	1.0	1.0112720343537365e-155	1.0112720343537365e-155	1.0112720343537365e-155	1.0112720343537365e-155	1.0112720343537365e-155	1.0112720343537365e-155	1.0112720343537365e-155	1.0112720343537365e-155
Lnuclei-pool84-S15-L-TGTAGC	1.0	5.4978704816264295e-56	5.4500010919763864e-80	5.4500010919763864e-80	5.4500010919763864e-80	5.4500010919763864e-80	5.4500010919763864e-80	5.4500010919763864e-80	5.4500010919763864e-80	5.4500010919763864e-80
Lnuclei-pool84-S15-M-TTGGCA	4.813805122019261e-102	1.0	8.445695007998774e-116	8.445695007998774e-116	8.445695007998774e-116	8.445695007998774e-116	8.445695007998774e-116	8.445695007998774e-116	8.445695007998774e-116	8.445695007998774e-116
Lnuclei-pool84-S15-N-CTACTG	1.0	5.54749722678664e-179	6.22643750916298e-188	6.22643750916298e-188	6.22643750916298e-188	6.22643750916298e-188	6.22643750916298e-188	6.22643750916298e-188	6.22643750916298e-188	6.22643750916298e-188
Lnuclei-pool84-S15-O-CATATG	1.3161889479665727e-120	1.0	8.21554176511677e-157	8.21554176511677e-157	8.21554176511677e-157	8.21554176511677e-157	8.21554176511677e-157	8.21554176511677e-157	8.21554176511677e-157	8.21554176511677e-157
Lnuclei-pool84-S15-P-GTATAC	1.0	1.7776850534114092e-161	1.5125692585849122e-183	1.5125692585849122e-183	1.5125692585849122e-183	1.5125692585849122e-183	1.5125692585849122e-183	1.5125692585849122e-183	1.5125692585849122e-183	1.5125692585849122e-183
Lnuclei-pool84-S15-Q-ACCTTC	1.0	2.818117699555245e-98	3.472506555155223e-119	3.472506555155223e-119	3.472506555155223e-119	3.472506555155223e-119	3.472506555155223e-119	3.472506555155223e-119	3.472506555155223e-119	3.472506555155223e-119
Lnuclei-pool84-S15-R-CTTCCA	6.010033958494214e-152	1.0	8.373136096746289e-182	8.373136096746289e-182	8.373136096746289e-182	8.373136096746289e-182	8.373136096746289e-182	8.373136096746289e-182	8.373136096746289e-182	8.373136096746289e-182
Lnuclei-pool84-S15-S-CGAATG	1.2190387021280339e-104	1.0	1.0006576100551819e-126	1.0006576100551819e-126	1.0006576100551819e-126	1.0006576100551819e-126	1.0006576100551819e-126	1.0006576100551819e-126	1.0006576100551819e-126	1.0006576100551819e-126
Lnuclei-pool84-S15-T-AGCATC	1.3224562292570507e-152	1.0	3.7598675303805834e-127	3.7598675303805834e-127	3.7598675303805834e-127	3.7598675303805834e-127	3.7598675303805834e-127	3.7598675303805834e-127	3.7598675303805834e-127	3.7598675303805834e-127
Lnuclei-pool84-S15-U-TACCGA	4.314240145180022e-147	1.0	1.188261849298069e-168	1.188261849298069e-168	1.188261849298069e-168	1.188261849298069e-168	1.188261849298069e-168	1.188261849298069e-168	1.188261849298069e-168	1.188261849298069e-168
Lnuclei-pool84-S15-V-CAAGGA	1.0	2.1717319252648306e-159	3.4858278300011586e-178	3.4858278300011586e-178	3.4858278300011586e-178	3.4858278300011586e-178	3.4858278300011586e-178	3.4858278300011586e-178	3.4858278300011586e-178	3.4858278300011586e-178
Lnuclei-pool84-S15-X-CCGTAA	1.1530456414020903e-157	1.0	7.193077012399093e-181	7.193077012399093e-181	7.193077012399093e-181	7.193077012399093e-181	7.193077012399093e-181	7.193077012399093e-181	7.193077012399093e-181	7.193077012399093e-181
Lnuclei-pool84-S15-Y-ATAGAC	4.7904053587417165e-99	1.0	9.376078440924948e-126	9.376078440924948e-126	9.376078440924948e-126	9.376078440924948e-126	9.376078440924948e-126	9.376078440924948e-126	9.376078440924948e-126	9.376078440924948e-126
Lnuclei-pool84-S15-Z-AGGTCT	4.5988128208238864e-157	1.0	3.966419729951938e-154	3.966419729951938e-154	3.966419729951938e-154	3.966419729951938e-154	3.966419729951938e-154	3.966419729951938e-154	3.966419729951938e-154	3.966419729951938e-154
Lnuclei-pool85-S16-A-TAGCTT	1.503571176110154e-79	1.0	1.4161392037835697e-97	1.4161392037835697e-97	1.4161392037835697e-97	1.4161392037835697e-97	1.4161392037835697e-97	1.4161392037835697e-97	1.4161392037835697e-97	1.4161392037835697e-97
Lnuclei-pool85-S16-B-ACTTGA	1.0	1.7293366545753983e-159	5.928852255794795e-165	5.928852255794795e-165	5.928852255794795e-165	5.928852255794795e-165	5.928852255794795e-165	5.928852255794795e-165	5.928852255794795e-165	5.928852255794795e-165
Lnuclei-pool85-S16-C-GCCAAT	3.699458043751352e-78	1.0	4.550457356806177e-109	4.550457356806177e-109	4.550457356806177e-109	4.550457356806177e-109	4.550457356806177e-109	4.550457356806177e-109	4.550457356806177e-109	4.550457356806177e-109
Lnuclei-pool85-S16-D-CGATGT	7.441633912628302e-103	1.0	5.09620385206349e-116	5.09620385206349e-116	5.09620385206349e-116	5.09620385206349e-116	5.09620385206349e-116	5.09620385206349e-116	5.09620385206349e-116	5.09620385206349e-116
Lnuclei-pool85-S16-F-ATCACG	8.735097762354531e-119	1.0	3.773464812809235e-151	3.773464812809235e-151	3.773464812809235e-151	3.773464812809235e-151	3.773464812809235e-151	3.773464812809235e-151	3.773464812809235e-151	3.773464812809235e-151
Lnuclei-pool85-S16-G-TGACCA	1.0	1.6105264681248997e-195	1.9852401224845e-227	1.9852401224845e-227	1.9852401224845e-227	1.9852401224845e-227	1.9852401224845e-227	1.9852401224845e-227	1.9852401224845e-227	1.9852401224845e-227
Lnuclei-pool85-S16-H-CAGATC	8.84283274508743e-124	1.0	3.206805115103496e-165	3.206805115103496e-165	3.206805115103496e-165	3.206805115103496e-165	3.206805115103496e-165	3.206805115103496e-165	3.206805115103496e-165	3.206805115103496e-165
Lnuclei-pool85-S16-I-CTTGTA	3.8972089542626294e-125	1.0	5.524360909017459e-165	5.524360909017459e-165	5.524360909017459e-165	5.524360909017459e-165	5.524360909017459e-165	5.524360909017459e-165	5.524360909017459e-165	5.524360909017459e-165
Lnuclei-pool85-S16-J-GACGAG	1.0	9.093679415817673e-35	1.1512781060649978e-73	1.1512781060649978e-73	1.1512781060649978e-73	1.1512781060649978e-73	1.1512781060649978e-73	1.1512781060649978e-73	1.1512781060649978e-73	1.1512781060649978e-73
Lnuclei-pool85-S16-K-AAGGTC	4.855370772368464e-114	1.0	1.387918092666826e-123	1.387918092666826e-123	1.387918092666826e-123	1.387918092666826e-123	1.387918092666826e-123	1.387918092666826e-123	1.387918092666826e-123	1.387918092666826e-123
Lnuclei-pool85-S16-L-TGTAGC	1.0	5.5788078786423655e-83	9.770567274398463e-111	9.770567274398463e-111	9.770567274398463e-111	9.770567274398463e-111	9.770567274398463e-111	9.770567274398463e-111	9.770567274398463e-111	9.770567274398463e-111
Lnuclei-pool85-S16-M-TTGGCA	1.0	2.0784836904583956e-51	3.149321417884812e-82	3.149321417884812e-82	3.149321417884812e-82	3.149321417884812e-82	3.149321417884812e-82	3.149321417884812e-82	3.149321417884812e-82	3.149321417884812e-82
Lnuclei-pool85-S16-N-CTACTG	6.632036256738845e-108	1.0	1.1204567084678408e-124	1.1204567084678408e-124	1.1204567084678408e-124	1.1204567084678408e-124	1.1204567084678408e-124	1.1204567084678408e-124	1.1204567084678408e-124	1.1204567084678408e-124
Lnuclei-pool85-S16-O-CATATG	2.676676743028107e-111	1.0	6.387153140685282e-165	6.387153140685282e-165	6.387153140685282e-165	6.387153140685282e-165	6.387153140685282e-165	6.387153140685282e-165	6.387153140685282e-165	6.387153140685282e-165
Lnuclei-pool85-S16-Q-ACCTTC	2.838330197263122e-103	1.0	2.4332112471936536e-165	2.4332112471936536e-165	2.4332112471936536e-165	2.4332112471936536e-165	2.4332112471936536e-165	2.4332112471936536e-165	2.4332112471936536e-165	2.4332112471936536e-165
Lnuclei-pool86-S17-A-TAGCTT	5.989881893764598e-127	1.0	4.982489380340608e-176	4.982489380340608e-176	4.982489380340608e-176	4.982489380340608e-176	4.982489380340608e-176	4.982489380340608e-176	4.982489380340608e-176	4.982489380340608e-176
Lnuclei-pool86-S17-AA-GGAATG	3.129131517367086e-95	1.0	2.8429772273315423e-142	2.8429772273315423e-142	2.8429772273315423e-142	2.8429772273315423e-142	2.8429772273315423e-142	2.8429772273315423e-142	2.8429772273315423e-142	2.8429772273315423e-142
Lnuclei-pool86-S17-B-ACTTGA	2.8537183595282977e-159	1.0	8.580572886333017e-181	8.580572886333017e-181	8.580572886333017e-181	8.580572886333017e-181	8.580572886333017e-181	8.580572886333017e-181	8.580572886333017e-181	8.580572886333017e-181
Lnuclei-pool86-S17-BB-GCTTCA	1.0462982304049192e-198	1.0	4.331593997421314e-208	4.331593997421314e-208	4.331593997421314e-208	4.331593997421314e-208	4.331593997421314e-208	4.331593997421314e-208	4.331593997421314e-208	4.331593997421314e-208
Lnuclei-pool86-S17-C-GCCAAT	1.0	7.592717911622221e-104	1.951568474854978e-162	1.951568474854978e-162	1.951568474854978e-162	1.951568474854978e-162	1.951568474854978e-162	1.951568474854978e-162	1.951568474854978e-162	1.951568474854978e-162
Lnuclei-pool86-S17-CC-TCCTAT	1.0	7.906789786414715e-200	2.1167072388234009e-271	2.1167072388234009e-271	2.1167072388234009e-271	2.1167072388234009e-271	2.1167072388234009e-271	2.1167072388234009e-271	2.1167072388234009e-271	2.1167072388234009e-271
Lnuclei-pool86-S17-D-CGATGT	5.732822450671575e-199	1.0	1.520611718387272e-185	1.520611718387272e-185	1.520611718387272e-185	1.520611718387272e-185	1.520611718387272e-185	1.520611718387272e-185	1.520611718387272e-185	1.520611718387272e-185
Lnuclei-pool86-S17-DD-TAAGGC	1.2765875489614787e-170	1.0	1.2063046731234884e-223	1.2063046731234884e-223	1.2063046731234884e-223	1.2063046731234884e-223	1.2063046731234884e-223	1.2063046731234884e-223	1.2063046731234884e-223	1.2063046731234884e-223
Lnuclei-pool86-S17-EE-AACCTG	1.616087166183063e-128	1.0	4.5150689485528517e-147	4.5150689485528517e-147	4.5150689485528517e-147	4.5150689485528517e-147	4.5150689485528517e-147	4.5150689485528517e-147	4.5150689485528517e-147	4.5150689485528517e-147
Lnuclei-pool86-S17-FF-TTCCCG	1.0	1.5762477130950286e-208	8.83500475044229e-217	8.83500475044229e-217	8.83500475044229e-217	8.83500475044229e-217	8.83500475044229e-217	8.83500475044229e-217	8.83500475044229e-217	8.83500475044229e-217
Lnuclei-pool86-S17-HH-GCACTT	3.997129014770616e-213	1.0	2.2633571085758422e-271	2.2633571085758422e-271	2.2633571085758422e-271	2.2633571085758422e-271	2.2633571085758422e-271	2.2633571085758422e-271	2.2633571085758422e-271	2.2633571085758422e-271
Lnuclei-pool86-S17-I-CTTGTA	1.522346169024443e-215	1.0	3.441895839090402e-264	3.441895839090402e-264	3.441895839090402e-264	3.441895839090402e-264	3.441895839090402e-264	3.441895839090402e-264	3.441895839090402e-264	3.441895839090402e-264
Lnuclei-pool86-S17-J-GACGAG	7.704077258589047e-49	1.0	3.1327964643192594e-88	3.1327964643192594e-88	3.1327964643192594e-88	3.1327964643192594e-88	3.1327964643192594e-88	3.1327964643192594e-88	3.1327964643192594e-88	3.1327964643192594e-88
Lnuclei-pool86-S17-K-AAGGTC	1.1980112637346084e-123	1.0	1.8335693845936404e-146	1.8335693845936404e-146	1.8335693845936404e-146	1.8335693845936404e-146	1.8335693845936404e-146	1.8335693845936404e-146	1.8335693845936404e-146	1.8335693845936404e-146
Lnuclei-pool86-S17-L-TGTAGC	7.158240467668814e-160	1.0	6.376402182863189e-180	6.376402182863189e-180	6.376402182863189e-180	6.376402182863189e-180	6.376402182863189e-180	6.376402182863189e-180	6.376402182863189e-180	6.376402182863189e-180
Lnuclei-pool86-S17-M-TTGGCA	4.690989873604576e-157	1.0	3.226987522117862e-201	3.226987522117862e-201	3.226987522117862e-201	3.226987522117862e-201	3.226987522117862e-201	3.226987522117862e-201	3.226987522117862e-201	3.226987522117862e-201
Lnuclei-pool86-S17-O-CATATG	1.0	3.0552489569125133e-68	6.888093939426787e-85	6.888093939426787e-85	6.888093939426787e-85	6.888093939426787e-85	6.888093939426787e-85	6.888093939426787e-85	6.888093939426787e-85	6.888093939426787e-85
Lnuclei-pool86-S17-P-GTATAC	6.032132610911082e-216	1.0	1.0692179482759343e-272	1.0692179482759343e-272	1.0692179482759343e-272	1.0692179482759343e-272	1.0692179482759343e-272	1.0692179482759343e-272	1.0692179482759343e-272	1.0692179482759343e-272
Lnuclei-pool86-S17-Q-ACCTTC	1.0	5.036489398633108e-117	2.152675087089557e-157	2.152675087089557e-157	2.152675087089557e-157	2.152675087089557e-157	2.152675087089557e-157	2.152675087089557e-157	2.152675087089557e-157	2.152675087089557e-157
Lnuclei-pool86-S17-R-CTTCCA	1.0	5.666904301790498e-209	3.3442436210946414e-211	3.3442436210946414e-211	3.3442436210946414e-211	3.3442436210946414e-211	3.3442436210946414e-211	3.3442436210946414e-211	3.3442436210946414e-211	3.3442436210946414e-211
Lnuclei-pool86-S17-S-CGAATG	9.606930230264988e-279	1.0	1.2091958358382697e-284	1.2091958358382697e-284	1.2091958358382697e-284	1.2091958358382697e-284	1.2091958358382697e-284	1.2091958358382697e-284	1.2091958358382697e-284	1.2091958358382697e-284
Lnuclei-pool86-S17-T-AGCATC	2.035315226994848e-130	1.0	9.120983639151762e-183	9.120983639151762e-183	9.120983639151762e-183	9.120983639151762e-183	9.120983639151762e-183	9.120983639151762e-183	9.120983639151762e-183	9.120983639151762e-183
Lnuclei-pool86-S17-U-TACCGA	8.975625727057134e-166	1.0	7.157116260665781e-191	7.157116260665781e-191	7.157116260665781e-191	7.157116260665781e-191	7.157116260665781e-191	7.157116260665781e-191	7.157116260665781e-191	7.157116260665781e-191
Lnuclei-pool86-S17-V-CAAGGA	1.7783923709227093e-104	1.0	1.0870985402530123e-171	1.0870985402530123e-171	1.0870985402530123e-171	1.0870985402530123e-171	1.0870985402530123e-171	1.0870985402530123e-171	1.0870985402530123e-171	1.0870985402530123e-171
Lnuclei-pool86-S17-X-CCGTAA	1.0	9.196065126428434e-162	4.505448275760584e-192	4.505448275760584e-192	4.505448275760584e-192	4.505448275760584e-192	4.505448275760584e-192	4.505448275760584e-192	4.505448275760584e-192	4.505448275760584e-192
Lnuclei-pool86-S17-Y-ATAGAC	6.9682712343987904e-65	1.0	1.652776552042011e-72	1.652776552042011e-72	1.652776552042011e-72	1.652776552042011e-72	1.652776552042011e-72	1.652776552042011e-72	1.652776552042011e-72	1.652776552042011e-72
Lnuclei-pool86-S17-Z-AGGTCT	4.675069870044761e-137	1.0	6.410681314957016e-196	6.410681314957016e-196	6.410681314957016e-196	6.410681314957016e-196	6.410681314957016e-196	6.410681314957016e-196	6.410681314957016e-196	6.410681314957016e-196
Lnuclei-pool87-S18-A-TAGCTT	5.068316681081429e-177	1.0	2.5375442801140536e-192	2.5375442801140536e-192	2.5375442801140536e-192	2.5375442801140536e-192	2.5375442801140536e-192	2.5375442801140536e-192	2.5375442801140536e-192	2.5375442801140536e-192
Lnuclei-pool87-S18-AA-GGAATG	1.0	1.077028680240583e-61	1.690485337021266e-91	1.690485337021266e-91	1.690485337021266e-91	1.690485337021266e-91	1.690485337021266e-91	1.690485337021266e-91	1.690485337021266e-91	1.690485337021266e-91
Lnuclei-pool87-S18-B-ACTTGA	1.0	1.2223026760949257e-182	1.1407371412078277e-189	1.1407371412078277e-189	1.1407371412078277e-189	1.1407371412078277e-189	1.1407371412078277e-189	1.1407371412078277e-189	1.1407371412078277e-189	1.1407371412078277e-189
Lnuclei-pool87-S18-BB-GCTTCA	1.0	7.012567442532929e-143	4.986617882348345e-183	4.986617882348345e-183	4.986617882348345e-183	4.986617882348345e-183	4.986617882348345e-183	4.986617882348345e-183	4.986617882348345e-183	4.986617882348345e-183
Lnuclei-pool87-S18-C-GCCAAT	1.0	1.6429733272670222e-81	2.943706889479591e-135	2.943706889479591e-135	2.943706889479591e-135	2.943706889479591e-135	2.943706889479591e-135	2.943706889479591e-135	2.943706889479591e-135	2.943706889479591e-135
Lnuclei-pool87-S18-D-CGATGT	9.566328958029881e-122	1.0	1.7714038880110684e-160	1.7714038880110684e-160	1.7714038880110684e-160	1.7714038880110684e-160	1.7714038880110684e-160	1.7714038880110684e-160	1.7714038880110684e-160	1.7714038880110684e-160
Lnuclei-pool87-S18-DD-TAAGGC	1.0	6.135258864886076e-100	6.644248186598505e-145	6.644248186598505e-145	6.644248186598505e-145	6.644248186598505e-145	6.644248186598505e-145	6.644248186598505e-145	6.644248186598505e-145	6.644248186598505e-145
Lnuclei-pool87-S18-EE-AACCTG	3.1255953959871733e-164	1.0	1.8258516341274442e-191	1.8258516341274442e-191	1.8258516341274442e-191	1.8258516341274442e-191	1.8258516341274442e-191	1.8258516341274442e-191	1.8258516341274442e-191	1.8258516341274442e-191
Lnuclei-pool87-S18-F-ATCACG	1.0	2.7119232535290165e-124	6.649241516708523e-208	6.649241516708523e-208	6.649241516708523e-208	6.649241516708523e-208	6.649241516708523e-208	6.649241516708523e-208	6.649241516708523e-208	6.649241516708523e-208
Lnuclei-pool87-S18-FF-TTCCCG	9.564356782036363e-176	1.0	2.8418149945554827e-202	2.8418149945554827e-202	2.8418149945554827e-202	2.8418149945554827e-202	2.8418149945554827e-202	2.8418149945554827e-202	2.8418149945554827e-202	2.8418149945554827e-202
Lnuclei-pool87-S18-GG-GATCAT	1.2842496546446063e-211	1.0	3.9052158954927916e-283	3.9052158954927916e-283	3.9052158954927916e-283	3.9052158954927916e-283	3.9052158954927916e-283	3.9052158954927916e-283	3.9052158954927916e-283	3.9052158954927916e-283
Lnuclei-pool87-S18-H-CAGATC	1.9569599155881922e-98	1.0	3.8273876912567317e-106	3.8273876912567317e-106	3.8273876912567317e-106	3.8273876912567317e-106	3.8273876912567317e-106	3.8273876912567317e-106	3.8273876912567317e-106	3.8273876912567317e-106
Lnuclei-pool87-S18-HH-GCACTT	1.0	1.5974559219368734e-205	0.0	0.0	0.0	0.0	0.0	0.0	0.0	0.0
Lnuclei-pool87-S18-I-CTTGTA	1.0	5.21989286598213e-95	3.018054759137856e-132	3.018054759137856e-132	3.018054759137856e-132	3.018054759137856e-132	3.018054759137856e-132	3.018054759137856e-132	3.018054759137856e-132	3.018054759137856e-132
Lnuclei-pool87-S18-J-GACGAG	6.227834462271578e-117	1.0	1.6770182320440894e-126	1.6770182320440894e-126	1.6770182320440894e-126	1.6770182320440894e-126	1.6770182320440894e-126	1.6770182320440894e-126	1.6770182320440894e-126	1.6770182320440894e-126
Lnuclei-pool87-S18-K-AAGGTC	4.465167426676752e-165	1.0	1.5843140606978953e-216	1.5843140606978953e-216	1.5843140606978953e-216	1.5843140606978953e-216	1.5843140606978953e-216	1.5843140606978953e-216	1.5843140606978953e-216	1.5843140606978953e-216
Lnuclei-pool87-S18-L-TGTAGC	4.654140417090208e-96	1.0	1.619407024878501e-145	1.619407024878501e-145	1.619407024878501e-145	1.619407024878501e-145	1.619407024878501e-145	1.619407024878501e-145	1.619407024878501e-145	1.619407024878501e-145
Lnuclei-pool87-S18-M-TTGGCA	4.6670535089999306e-232	1.0	7.62729585038631e-232	7.62729585038631e-232	7.62729585038631e-232	7.62729585038631e-232	7.62729585038631e-232	7.62729585038631e-232	7.62729585038631e-232	7.62729585038631e-232
Lnuclei-pool87-S18-N-CTACTG	2.3766144601940238e-181	1.0	2.2924103572329126e-218	2.2924103572329126e-218	2.2924103572329126e-218	2.2924103572329126e-218	2.2924103572329126e-218	2.2924103572329126e-218	2.2924103572329126e-218	2.2924103572329126e-218
Lnuclei-pool87-S18-O-CATATG	3.075888119409777e-165	1.0	1.695139640004955e-215	1.695139640004955e-215	1.695139640004955e-215	1.695139640004955e-215	1.695139640004955e-215	1.695139640004955e-215	1.695139640004955e-215	1.695139640004955e-215
Lnuclei-pool87-S18-P-GTATAC	2.226328351438294e-137	1.0	4.8505165407118285e-219	4.8505165407118285e-219	4.8505165407118285e-219	4.8505165407118285e-219	4.8505165407118285e-219	4.8505165407118285e-219	4.8505165407118285e-219	4.8505165407118285e-219
Lnuclei-pool87-S18-R-CTTCCA	1.0	2.4750402583715802e-160	6.279386913758385e-203	6.279386913758385e-203	6.279386913758385e-203	6.279386913758385e-203	6.279386913758385e-203	6.279386913758385e-203	6.279386913758385e-203	6.279386913758385e-203
Lnuclei-pool87-S18-S-CGAATG	2.56017034125283e-68	1.0	7.398638556660848e-71	7.398638556660848e-71	7.398638556660848e-71	7.398638556660848e-71	7.398638556660848e-71	7.398638556660848e-71	7.398638556660848e-71	7.398638556660848e-71
Lnuclei-pool87-S18-T-AGCATC	1.0	4.188811878779678e-102	4.0712858816423946e-164	4.0712858816423946e-164	4.0712858816423946e-164	4.0712858816423946e-164	4.0712858816423946e-164	4.0712858816423946e-164	4.0712858816423946e-164	4.0712858816423946e-164
Lnuclei-pool87-S18-V-CAAGGA	6.40691828927119e-182	1.0	1.2453168261404846e-192	1.2453168261404846e-192	1.2453168261404846e-192	1.2453168261404846e-192	1.2453168261404846e-192	1.2453168261404846e-192	1.2453168261404846e-192	1.2453168261404846e-192
Lnuclei-pool87-S18-X-CCGTAA	1.126616234340228e-142	1.0	1.3269211208342862e-173	1.3269211208342862e-173	1.3269211208342862e-173	1.3269211208342862e-173	1.3269211208342862e-173	1.3269211208342862e-173	1.3269211208342862e-173	1.3269211208342862e-173
Lnuclei-pool87-S18-Y-ATAGAC	1.592078600858067e-194	1.0	4.161716506672328e-185	4.161716506672328e-185	4.161716506672328e-185	4.161716506672328e-185	4.161716506672328e-185	4.161716506672328e-185	4.161716506672328e-185	4.161716506672328e-185
