cell_id	0	1	2
K562-pool70-S1-A-TAGCTT	0.38628466154595414	0.6137153248507955	1.3603250232049625e-08
K562-pool70-S1-AA-GGAATG	0.5199489691532946	1.6054903775131752e-05	0.4800349759429303
K562-pool70-S1-C-GCCAAT	0.0	0.0	1.0
K562-pool70-S1-D-CGATGT	0.0	0.0	1.0
K562-pool70-S1-F-ATCACG	0.0	0.0	1.0
K562-pool70-S1-G-TGACCA	0.0	0.0	1.0
K562-pool70-S1-H-CAGATC	0.0	0.0	1.0
K562-pool70-S1-I-CTTGTA	0.0	0.0	1.0
K562-pool70-S1-J-GACGAG	0.0	0.0	1.0
K562-pool70-S1-K-AAGGTC	0.0	0.0	1.0
K562-pool70-S1-L-TGTAGC	2.643820979337247e-301	0.0	1.0
K562-pool70-S1-M-TTGGCA	0.0	0.0	1.0
K562-pool70-S1-N-CTACTG	0.0	0.0	1.0
K562-pool70-S1-O-CATATG	0.0	0.0	1.0
K562-pool70-S1-P-GTATAC	0.0	0.0	1.0
K562-pool70-S1-Q-ACCTTC	3.237360062795131e-306	0.0	1.0
K562-pool71-S2-A-TAGCTT	0.0	0.0	1.0
K562-pool71-S2-B-ACTTGA	0.0	0.0	1.0
K562-pool71-S2-C-GCCAAT	0.0	0.0	1.0
K562-pool71-S2-D-CGATGT	0.0	0.0	1.0
K562-pool71-S2-F-ATCACG	0.0	0.0	1.0
K562-pool71-S2-G-TGACCA	0.0	0.0	1.0
K562-pool71-S2-H-CAGATC	0.0	0.0	1.0
K562-pool71-S2-HH-GCACTT	4.515256302807111e-10	7.173710067718897e-10	0.9999999988311035
K562-pool71-S2-I-CTTGTA	0.0	0.0	1.0
K562-pool71-S2-J-GACGAG	0.0	0.0	1.0
K562-pool71-S2-K-AAGGTC	0.0	0.0	1.0
K562-pool71-S2-L-TGTAGC	0.0	0.0	1.0
K562-pool71-S2-M-TTGGCA	0.0	0.0	1.0
K562-pool71-S2-O-CATATG	0.0	0.0	1.0
K562-pool71-S2-P-GTATAC	0.0	0.0	1.0
K562-pool71-S2-Q-ACCTTC	0.0	0.0	1.0
K562-pool72-S3-A-TAGCTT	0.0	0.0	1.0
K562-pool72-S3-B-ACTTGA	0.0	0.0	1.0
K562-pool72-S3-C-GCCAAT	0.0	0.0	1.0
K562-pool72-S3-D-CGATGT	0.0	0.0	1.0
K562-pool72-S3-F-ATCACG	0.0	0.0	1.0
K562-pool72-S3-G-TGACCA	0.0	0.0	1.0
K562-pool72-S3-H-CAGATC	0.0	0.0	1.0
K562-pool72-S3-HH-GCACTT	9.297224056777458e-25	3.3934997540187256e-34	1.0
K562-pool72-S3-I-CTTGTA	0.0	0.0	1.0
K562-pool72-S3-J-GACGAG	1.0346134999276228e-198	6.460481962318202e-251	1.0
K562-pool72-S3-K-AAGGTC	0.0	0.0	1.0
K562-pool72-S3-L-TGTAGC	0.0	0.0	1.0
K562-pool72-S3-M-TTGGCA	0.0	0.0	1.0
K562-pool72-S3-N-CTACTG	3.7347845146844673e-308	0.0	1.0
K562-pool72-S3-O-CATATG	0.0	0.0	1.0
K562-pool72-S3-P-GTATAC	0.0	0.0	1.0
K562-pool72-S3-Q-ACCTTC	0.0	0.0	1.0
K562-pool73-S4-A-TAGCTT	0.0	0.0	1.0
K562-pool73-S4-B-ACTTGA	0.0	0.0	1.0
K562-pool73-S4-C-GCCAAT	0.0	0.0	1.0
K562-pool73-S4-D-CGATGT	0.0	0.0	1.0
K562-pool73-S4-F-ATCACG	0.0	0.0	1.0
K562-pool73-S4-G-TGACCA	0.0	0.0	1.0
K562-pool73-S4-H-CAGATC	0.0	0.0	1.0
K562-pool73-S4-HH-GCACTT	1.5307892260242692e-09	2.232820368958731e-05	0.9999776702655213
K562-pool73-S4-I-CTTGTA	0.0	0.0	1.0
K562-pool73-S4-J-GACGAG	0.0	0.0	1.0
K562-pool73-S4-K-AAGGTC	0.0	0.0	1.0
K562-pool73-S4-L-TGTAGC	0.0	0.0	1.0
K562-pool73-S4-M-TTGGCA	0.0	0.0	1.0
K562-pool73-S4-N-CTACTG	0.0	0.0	1.0
K562-pool73-S4-O-CATATG	0.0	0.0	1.0
K562-pool73-S4-P-GTATAC	0.0	0.0	1.0
K562-pool73-S4-Q-ACCTTC	0.0	0.0	1.0
K562-pool74-S5-A-TAGCTT	0.0	0.0	1.0
K562-pool74-S5-B-ACTTGA	0.0	0.0	1.0
K562-pool74-S5-C-GCCAAT	0.0	0.0	1.0
K562-pool74-S5-D-CGATGT	0.0	0.0	1.0
K562-pool74-S5-F-ATCACG	0.0	0.0	1.0
K562-pool74-S5-G-TGACCA	0.0	0.0	1.0
K562-pool74-S5-H-CAGATC	0.0	0.0	1.0
K562-pool74-S5-HH-GCACTT	2.2085948920787954e-05	3.5088992341409844e-05	0.9999428250587378
K562-pool74-S5-I-CTTGTA	0.0	0.0	1.0
K562-pool74-S5-J-GACGAG	1.173385013196e-311	0.0	1.0
K562-pool74-S5-K-AAGGTC	0.0	0.0	1.0
K562-pool74-S5-L-TGTAGC	0.0	0.0	1.0
K562-pool74-S5-M-TTGGCA	0.9766852449432961	0.014732157886018137	0.008582597170684604
K562-pool74-S5-N-CTACTG	0.0	0.0	1.0
K562-pool74-S5-O-CATATG	3.539711950193411e-200	4.844566213082463e-252	1.0
K562-pool74-S5-P-GTATAC	0.0	0.0	1.0
K562-pool74-S5-Q-ACCTTC	0.0	0.0	1.0
K562-pool74-S5-Z-AGGTCT	0.0001913638400445099	0.00030399813783962365	0.9995046380221159
K562-pool75-S6-A-TAGCTT	0.0	0.0	1.0
K562-pool75-S6-B-ACTTGA	0.0	0.0	1.0
K562-pool75-S6-C-GCCAAT	0.0	0.0	1.0
K562-pool75-S6-D-CGATGT	0.0	0.0	1.0
K562-pool75-S6-F-ATCACG	0.0	0.0	1.0
K562-pool75-S6-G-TGACCA	6.11475589157609e-07	7.897066601096409e-10	0.9999993877347042
K562-pool75-S6-H-CAGATC	0.0	0.0	1.0
K562-pool75-S6-HH-GCACTT	1.065024020204965e-15	1.702974889809444e-15	0.9999999999999973
K562-pool75-S6-I-CTTGTA	0.0	0.0	1.0
K562-pool75-S6-J-GACGAG	0.0	0.0	1.0
K562-pool75-S6-K-AAGGTC	0.0	0.0	1.0
K562-pool75-S6-L-TGTAGC	1.1537000608671889e-241	1.2715034272283904e-280	1.0
K562-pool75-S6-M-TTGGCA	0.0	0.0	1.0
K562-pool75-S6-N-CTACTG	0.0	0.0	1.0
K562-pool75-S6-O-CATATG	0.0	0.0	1.0
K562-pool75-S6-P-GTATAC	0.0	0.0	1.0
K562-pool75-S6-Q-ACCTTC	1.1311674870100112e-266	0.0	1.0
K562-pool75-S6-Z-AGGTCT	4.5152471196260465e-10	7.173710113988012e-10	0.9999999988311044
Lnuclei-pool76-S7-A-TAGCTT	1.1139125277230654e-94	1.0	1.8215344414557673e-296
Lnuclei-pool76-S7-B-ACTTGA	3.9066646610888795e-82	1.0	0.0
Lnuclei-pool76-S7-C-GCCAAT	1.0	3.3472345717335987e-101	1.0638601207106398e-277
Lnuclei-pool76-S7-D-CGATGT	7.759995881948171e-85	1.0	1.9868589384008062e-302
Lnuclei-pool76-S7-F-ATCACG	1.0	7.774649379885785e-111	1.1780906067477887e-242
Lnuclei-pool76-S7-G-TGACCA	1.0	1.1696319276441046e-110	0.0
Lnuclei-pool76-S7-H-CAGATC	1.0728818775906295e-19	1.0	2.5083154435963422e-234
Lnuclei-pool76-S7-I-CTTGTA	1.1906710704181869e-88	1.0	2.874883629331296e-242
Lnuclei-pool76-S7-J-GACGAG	3.6676777372371535e-76	1.0	5.640409796343283e-178
Lnuclei-pool76-S7-K-AAGGTC	1.0	4.093405986776181e-82	1.1665090722601703e-159
Lnuclei-pool76-S7-L-TGTAGC	1.213258936102505e-23	1.0	5.232192911567495e-244
Lnuclei-pool76-S7-M-TTGGCA	1.0	6.0191682228460624e-80	1.6012849769954262e-212
Lnuclei-pool76-S7-N-CTACTG	3.1263136389208613e-49	1.0	9.777968688452662e-237
Lnuclei-pool76-S7-O-CATATG	1.0	1.70369338655773e-87	3.5150923066961743e-230
Lnuclei-pool76-S7-P-GTATAC	5.18824762582106e-116	1.0	2.639574239789845e-299
Lnuclei-pool76-S7-Q-ACCTTC	1.0	7.768869308666245e-105	3.74977220298934e-268
Lnuclei-pool76-S7-R-CTTCCA	0.38445341262941846	0.6108098680961586	0.004736719274422946
Lnuclei-pool77-S8-A-TAGCTT	1.0	1.702609050149271e-43	9.508509677763541e-172
Lnuclei-pool77-S8-B-ACTTGA	1.0	3.273446762641919e-94	5.176417650689208e-166
Lnuclei-pool77-S8-C-GCCAAT	3.5086155894026536e-39	1.0	1.279597881230127e-135
Lnuclei-pool77-S8-D-CGATGT	4.195163324957354e-71	1.0	4.673645149733673e-153
Lnuclei-pool77-S8-F-ATCACG	1.4160646048969673e-11	0.999999999985846	1.3131216611107403e-192
Lnuclei-pool77-S8-G-TGACCA	3.134597587163766e-79	1.0	5.802652980792641e-299
Lnuclei-pool77-S8-H-CAGATC	1.0	5.126435008212744e-122	7.504707053825963e-282
Lnuclei-pool77-S8-HH-GCACTT	0.004699108491053146	0.9953008912666192	2.423276345149281e-10
Lnuclei-pool77-S8-I-CTTGTA	1.0	8.229249793741145e-92	1.906446e-318
Lnuclei-pool77-S8-J-GACGAG	1.7831841842514818e-63	1.0	3.0554557600861587e-205
Lnuclei-pool77-S8-K-AAGGTC	1.0	1.3960266833685205e-52	4.886103209113459e-227
Lnuclei-pool77-S8-L-TGTAGC	7.232175237394876e-48	1.0	8.675274350206186e-163
Lnuclei-pool77-S8-M-TTGGCA	1.2665935928409242e-103	1.0	1.547110991705006e-258
Lnuclei-pool77-S8-N-CTACTG	3.1667380126129793e-96	1.0	3.962796481814386e-272
Lnuclei-pool77-S8-O-CATATG	4.0511412695534804e-11	0.9999999999594991	3.4898987140657538e-180
Lnuclei-pool77-S8-P-GTATAC	4.7784552307141647e-94	1.0	3.4609284094469176e-239
Lnuclei-pool77-S8-Q-ACCTTC	1.0	1.2371956406433719e-40	9.734070072905624e-248
Lnuclei-pool78-S9-A-TAGCTT	1.0	1.982777670841509e-46	6.182455011650025e-117
Lnuclei-pool78-S9-B-ACTTGA	1.0	3.5595222688821134e-51	2.61147274394241e-91
Lnuclei-pool78-S9-C-GCCAAT	1.6233669150204747e-43	1.0	6.045994890417712e-153
Lnuclei-pool78-S9-D-CGATGT	1.200252818517328e-13	0.9999999999998863	1.2413166853806448e-185
Lnuclei-pool78-S9-F-ATCACG	1.0	9.411909967771736e-58	1.4246504352770832e-101
Lnuclei-pool78-S9-G-TGACCA	3.615271744026653e-106	1.0	7.381938255923318e-224
Lnuclei-pool78-S9-H-CAGATC	0.9999999999921698	7.8367709500997e-12	1.2515933449566087e-112
Lnuclei-pool78-S9-I-CTTGTA	1.0	1.0085142085047002e-48	2.590067317495441e-159
Lnuclei-pool78-S9-J-GACGAG	0.9999993811670219	6.18832972932906e-07	2.3119304120493875e-77
Lnuclei-pool78-S9-K-AAGGTC	1.0	1.6224216010027695e-43	1.3905442760265572e-137
Lnuclei-pool78-S9-L-TGTAGC	2.7003322545852932e-39	1.0	1.7826137039625253e-136
Lnuclei-pool78-S9-M-TTGGCA	1.0	4.062204641718663e-24	2.6685261653430616e-170
Lnuclei-pool78-S9-N-CTACTG	1.3956886137176153e-83	1.0	1.2108884822301397e-297
Lnuclei-pool78-S9-O-CATATG	1.8741753272865329e-75	1.0	1.3753128919914287e-168
Lnuclei-pool78-S9-P-GTATAC	1.0	1.5704729558675727e-22	2.9614339721952e-157
Lnuclei-pool78-S9-Q-ACCTTC	1.6467846382167561e-189	1.0	0.0
Lnuclei-pool79-S10-A-TAGCTT	1.0050858879237812e-87	1.0	2.0517145730961334e-261
Lnuclei-pool79-S10-B-ACTTGA	1.3096979801648453e-67	1.0	4.623272700559717e-171
Lnuclei-pool79-S10-C-GCCAAT	1.0	2.0911536485317638e-53	5.322117046999507e-139
Lnuclei-pool79-S10-D-CGATGT	1.1809883296500733e-57	1.0	1.2853600660260704e-187
Lnuclei-pool79-S10-F-ATCACG	2.5366432606419415e-90	1.0	1.9014430095183797e-258
Lnuclei-pool79-S10-G-TGACCA	1.0	3.188473173737193e-75	2.3387731816062174e-138
Lnuclei-pool79-S10-H-CAGATC	1.0	8.334277463117171e-81	2.316679710121172e-165
Lnuclei-pool79-S10-I-CTTGTA	2.6347248870023316e-122	1.0	0.0
Lnuclei-pool79-S10-J-GACGAG	1.562020400208449e-88	1.0	6.018612605889116e-223
Lnuclei-pool79-S10-K-AAGGTC	5.379639986403605e-79	1.0	0.0
Lnuclei-pool79-S10-L-TGTAGC	5.023166933356487e-44	1.0	1.9645642991385435e-111
Lnuclei-pool79-S10-M-TTGGCA	1.0	2.868544068200639e-34	5.268529283380869e-155
Lnuclei-pool79-S10-N-CTACTG	9.415168725415314e-14	0.9999999999999147	8.533593167239341e-66
Lnuclei-pool79-S10-O-CATATG	2.436310132158117e-44	1.0	2.2146589114449355e-100
Lnuclei-pool79-S10-P-GTATAC	1.8721190573657907e-37	1.0	7.177500615664663e-209
Lnuclei-pool79-S10-Q-ACCTTC	4.4132867322327644e-117	1.0	2.2114038580480925e-299
Lnuclei-pool80-S11-A-TAGCTT	2.074202909572919e-114	1.0	6.254857755692732e-256
Lnuclei-pool80-S11-B-ACTTGA	1.0	2.6784252251082912e-73	2.280571659705451e-207
Lnuclei-pool80-S11-C-GCCAAT	1.0	5.610325050922235e-67	3.8018280207405106e-118
Lnuclei-pool80-S11-D-CGATGT	7.54338194661458e-73	1.0	1.8552391576653245e-159
Lnuclei-pool80-S11-F-ATCACG	2.1322884382881542e-44	1.0	2.932390105387869e-142
Lnuclei-pool80-S11-G-TGACCA	3.552247263204225e-109	1.0	7.41987200111954e-281
Lnuclei-pool80-S11-H-CAGATC	7.887384378622607e-71	1.0	7.252394762218069e-301
Lnuclei-pool80-S11-I-CTTGTA	1.0	9.732989687224007e-30	7.854718861241995e-57
Lnuclei-pool80-S11-J-GACGAG	1.0	1.0344796107387971e-60	6.479493207874058e-95
Lnuclei-pool80-S11-K-AAGGTC	3.682082703411796e-44	1.0	4.282411577846309e-211
Lnuclei-pool80-S11-L-TGTAGC	1.0	1.0885664476044609e-75	2.158734406070073e-67
Lnuclei-pool80-S11-M-TTGGCA	4.0126498959160184e-109	1.0	8.586525871958655e-286
Lnuclei-pool80-S11-N-CTACTG	1.6508914993429213e-103	1.0	1.2336372794300597e-230
Lnuclei-pool80-S11-O-CATATG	1.0	9.6971783342946e-76	1.7659314310969742e-174
Lnuclei-pool80-S11-P-GTATAC	2.0418021200317773e-83	1.0	5.74520780860358e-143
Lnuclei-pool80-S11-Q-ACCTTC	0.07327518591373552	0.9267248140862665	1.975549905624131e-72
Lnuclei-pool80-S11-U-TACCGA	0.3862798817276852	0.6137116762294684	8.442042846014298e-06
Lnuclei-pool81-S12-A-TAGCTT	1.0	3.7191504820326625e-96	6.528643694496349e-222
Lnuclei-pool81-S12-B-ACTTGA	2.6827845097040257e-79	1.0	6.274939605379857e-247
Lnuclei-pool81-S12-C-GCCAAT	9.030744850214431e-23	1.0	6.30028804342003e-208
Lnuclei-pool81-S12-D-CGATGT	1.0232386710912043e-71	1.0	8.024534030730711e-164
Lnuclei-pool81-S12-F-ATCACG	8.829296709958353e-101	1.0	7.091737867054005e-294
Lnuclei-pool81-S12-G-TGACCA	1.0	1.2178123052793623e-58	2.073408877206021e-241
Lnuclei-pool81-S12-H-CAGATC	1.0	2.028882791732909e-17	6.209834578831611e-169
Lnuclei-pool81-S12-I-CTTGTA	1.7861894383851245e-63	1.0	3.7499938441090845e-171
Lnuclei-pool81-S12-J-GACGAG	1.0	6.479533868737406e-41	1.2127911351613206e-96
Lnuclei-pool81-S12-K-AAGGTC	6.189033179832888e-64	1.0	1.1283803299174487e-200
Lnuclei-pool81-S12-L-TGTAGC	1.0346067299610897e-46	1.0	7.873683029481815e-113
Lnuclei-pool81-S12-M-TTGGCA	1.0	3.6127686050797155e-42	8.429471192599369e-194
Lnuclei-pool81-S12-N-CTACTG	1.0	4.858437973031097e-69	1.3030703563416164e-167
Lnuclei-pool81-S12-O-CATATG	5.663313722532419e-84	1.0	9.54911509934613e-222
Lnuclei-pool81-S12-P-GTATAC	1.0	7.734444499270579e-64	1.82410283509996e-178
Lnuclei-pool81-S12-Q-ACCTTC	1.0	2.944507351264975e-121	6.547105595911569e-130
Lnuclei-pool81-S12-U-TACCGA	0.5193035240106124	2.656432736297397e-07	0.480696210346114
Lnuclei-pool82-S13-A-TAGCTT	6.402068207708653e-82	1.0	4.0751805671644606e-210
Lnuclei-pool82-S13-AA-GGAATG	2.6650569892860088e-70	1.0	9.586145553107826e-123
Lnuclei-pool82-S13-B-ACTTGA	1.0	5.646396101706667e-21	9.851216609881544e-48
Lnuclei-pool82-S13-BB-GCTTCA	0.9999911219631235	8.87803687540087e-06	5.716996104805541e-107
Lnuclei-pool82-S13-C-GCCAAT	7.332096099613443e-10	0.999999999266791	1.0921101364859472e-48
Lnuclei-pool82-S13-CC-TCCTAT	1.0	7.737798682637595e-18	3.2879208361161073e-88
Lnuclei-pool82-S13-D-CGATGT	5.371591124225104e-15	0.9999999999999964	2.2158759924847904e-78
Lnuclei-pool82-S13-DD-TAAGGC	1.0	4.210256689719622e-75	1.8792096247021906e-169
Lnuclei-pool82-S13-EE-AACCTG	1.0	7.819665999722574e-29	5.843945344448996e-57
Lnuclei-pool82-S13-F-ATCACG	1.873413462897341e-48	1.0	5.898516694547671e-108
Lnuclei-pool82-S13-FF-TTCCCG	3.4920399589183286e-55	1.0	1.1724388119921619e-171
Lnuclei-pool82-S13-G-TGACCA	1.0	1.5116457816922416e-58	1.3592770388815157e-107
Lnuclei-pool82-S13-GG-GATCAT	3.1518242290423917e-24	1.0	7.173887809082496e-78
Lnuclei-pool82-S13-H-CAGATC	6.134423812529509e-32	1.0	5.060251369096044e-140
Lnuclei-pool82-S13-HH-GCACTT	1.0	3.710967711295326e-39	1.3171460244343747e-104
Lnuclei-pool82-S13-I-CTTGTA	1.4133357024898472e-80	1.0	2.3648110018240478e-235
Lnuclei-pool82-S13-J-GACGAG	3.3983027184046036e-26	1.0	1.6282827259631077e-175
Lnuclei-pool82-S13-K-AAGGTC	8.697371224344606e-49	1.0	3.264097648683345e-123
Lnuclei-pool82-S13-L-TGTAGC	0.9999999393102198	6.06897788077979e-08	6.719004738212923e-41
Lnuclei-pool82-S13-M-TTGGCA	2.0586484181978047e-58	1.0	8.389357454645328e-116
Lnuclei-pool82-S13-N-CTACTG	7.086216114932811e-25	1.0	4.813322922592782e-203
Lnuclei-pool82-S13-O-CATATG	6.529475584741884e-51	1.0	2.6018334940952995e-160
Lnuclei-pool82-S13-P-GTATAC	7.018253112025625e-60	1.0	4.76727289155596e-203
Lnuclei-pool82-S13-Q-ACCTTC	1.0351966320899345e-67	1.0	4.383858974330773e-119
Lnuclei-pool82-S13-R-CTTCCA	1.0	2.9319676381902794e-50	1.323953497836218e-193
Lnuclei-pool82-S13-S-CGAATG	1.0	2.2732010061272722e-55	1.278899810400939e-126
Lnuclei-pool82-S13-T-AGCATC	1.0	2.8331300091329295e-45	5.186301207514591e-116
Lnuclei-pool82-S13-U-TACCGA	1.0	3.992324671685123e-43	3.8735274249621585e-119
Lnuclei-pool82-S13-V-CAAGGA	6.419355943644808e-52	1.0	8.126742651335943e-289
Lnuclei-pool82-S13-X-CCGTAA	7.640828294107217e-08	0.9999999235917045	1.0955656200863601e-147
Lnuclei-pool82-S13-Y-ATAGAC	1.0	1.418561533663727e-69	1.9530036713115442e-105
Lnuclei-pool82-S13-Z-AGGTCT	1.0	3.622681808075028e-34	5.311414184066123e-204
Lnuclei-pool83-S14-A-TAGCTT	9.914278573038953e-75	1.0	2.607555054897575e-164
Lnuclei-pool83-S14-AA-GGAATG	1.0	3.490679315198858e-30	2.2868214222798024e-78
Lnuclei-pool83-S14-B-ACTTGA	5.049782807883222e-53	1.0	1.4652574737251148e-136
Lnuclei-pool83-S14-BB-GCTTCA	5.119140348343862e-82	1.0	4.827192799877661e-263
Lnuclei-pool83-S14-C-GCCAAT	7.977382128320245e-37	1.0	3.841346566236626e-140
Lnuclei-pool83-S14-CC-TCCTAT	1.0	2.271622388177867e-44	4.134768613118289e-128
Lnuclei-pool83-S14-D-CGATGT	2.963788175459699e-93	1.0	4.66481454916374e-277
Lnuclei-pool83-S14-DD-TAAGGC	1.0	2.717711204145054e-18	1.5709454219725312e-135
Lnuclei-pool83-S14-EE-AACCTG	1.7213522333931414e-19	1.0	3.64794172824179e-130
Lnuclei-pool83-S14-F-ATCACG	1.0	3.858707041726766e-54	1.1020240785980244e-124
Lnuclei-pool83-S14-FF-TTCCCG	1.0	4.3938098172845623e-45	9.697880237122991e-144
Lnuclei-pool83-S14-G-TGACCA	1.577517795758838e-46	1.0	6.440496261616758e-240
Lnuclei-pool83-S14-GG-GATCAT	1.2098732173476006e-75	1.0	1.8265395890053852e-154
Lnuclei-pool83-S14-H-CAGATC	1.0	2.22159453783484e-15	9.328534126169433e-144
Lnuclei-pool83-S14-HH-GCACTT	1.7377783359074673e-76	1.0	1.6310278243402324e-149
Lnuclei-pool83-S14-I-CTTGTA	1.0	3.2564726440260178e-22	2.9191889121344467e-130
Lnuclei-pool83-S14-J-GACGAG	7.345221697897946e-44	1.0	2.146176779513267e-150
Lnuclei-pool83-S14-K-AAGGTC	6.358193061877445e-44	1.0	8.957694293424734e-153
Lnuclei-pool83-S14-L-TGTAGC	6.663072049691678e-27	1.0	5.082203995627839e-47
Lnuclei-pool83-S14-M-TTGGCA	8.014573199112874e-59	1.0	2.0643310881680083e-167
Lnuclei-pool83-S14-N-CTACTG	1.0398625155055438e-64	1.0	1.6311221115411756e-202
Lnuclei-pool83-S14-O-CATATG	0.03858509921638733	0.9614149007836101	2.4251428729232256e-50
Lnuclei-pool83-S14-P-GTATAC	1.0	3.101900125342592e-53	5.902646023366863e-110
Lnuclei-pool83-S14-Q-ACCTTC	1.0	8.908694205161691e-52	5.131952735439374e-75
Lnuclei-pool83-S14-R-CTTCCA	1.0	1.0127549775162532e-19	8.456111651635281e-178
Lnuclei-pool83-S14-S-CGAATG	1.0	6.412496296999602e-42	3.6081529654003586e-104
Lnuclei-pool83-S14-T-AGCATC	8.708364933498407e-52	1.0	5.063075387795084e-253
Lnuclei-pool83-S14-U-TACCGA	1.7111686577642145e-21	1.0	6.611405152493421e-194
Lnuclei-pool83-S14-V-CAAGGA	8.161233241797644e-33	1.0	4.748096693116535e-224
Lnuclei-pool83-S14-X-CCGTAA	2.5013499802883313e-112	1.0	2.602328153369679e-138
Lnuclei-pool83-S14-Y-ATAGAC	1.0	4.118272545478852e-30	8.920400569595465e-188
Lnuclei-pool83-S14-Z-AGGTCT	7.179802949978082e-58	1.0	6.565684411230278e-123
Lnuclei-pool84-S15-A-TAGCTT	1.0	3.156124115858538e-23	2.2904006040584812e-42
Lnuclei-pool84-S15-AA-GGAATG	3.2189651546034873e-48	1.0	5.112388448018724e-149
Lnuclei-pool84-S15-B-ACTTGA	6.781112064613779e-74	1.0	5.861472079884452e-135
Lnuclei-pool84-S15-BB-GCTTCA	0.9999999999997016	3.0403766411573516e-13	5.736403708949731e-123
Lnuclei-pool84-S15-C-GCCAAT	6.914544010580131e-50	1.0	4.054907569979251e-171
Lnuclei-pool84-S15-CC-TCCTAT	2.3400179936189792e-57	1.0	1.8800455732981048e-292
Lnuclei-pool84-S15-D-CGATGT	1.0	1.9687282136467662e-31	7.208360923664164e-125
Lnuclei-pool84-S15-DD-TAAGGC	3.275534608995768e-68	1.0	1.8808107134136058e-175
Lnuclei-pool84-S15-EE-AACCTG	0.9999999999839417	1.605595012285515e-11	1.3588349696763285e-72
Lnuclei-pool84-S15-F-ATCACG	0.999999999948578	5.141912188539337e-11	4.114559744566133e-80
Lnuclei-pool84-S15-FF-TTCCCG	0.9999999959553634	4.04462474028433e-09	1.5209016871106139e-173
Lnuclei-pool84-S15-G-TGACCA	1.0	1.0683906689506396e-79	2.7919191310749537e-137
Lnuclei-pool84-S15-GG-GATCAT	2.47262697276464e-58	1.0	7.615764768907581e-193
Lnuclei-pool84-S15-H-CAGATC	1.0	6.722892487206338e-42	1.8740486525562662e-208
Lnuclei-pool84-S15-HH-GCACTT	5.0096026037895e-34	1.0	2.904599342788513e-160
Lnuclei-pool84-S15-I-CTTGTA	1.7762279586550906e-98	1.0	1.0233616783049576e-221
Lnuclei-pool84-S15-J-GACGAG	1.0	1.5623658464232906e-77	2.2124085628376295e-53
Lnuclei-pool84-S15-K-AAGGTC	1.6816200135537537e-30	1.0	7.186330340280913e-146
Lnuclei-pool84-S15-L-TGTAGC	1.0	1.5382196283166992e-38	1.127584154620102e-130
Lnuclei-pool84-S15-M-TTGGCA	0.9999995621263159	4.378736781672969e-07	5.774253954969127e-79
Lnuclei-pool84-S15-N-CTACTG	1.0	9.46249258844787e-55	8.846255222245584e-167
Lnuclei-pool84-S15-O-CATATG	1.63950541995554e-31	1.0	8.143346045010957e-116
Lnuclei-pool84-S15-P-GTATAC	1.0	7.192792604237047e-73	9.365367018773701e-125
Lnuclei-pool84-S15-Q-ACCTTC	1.0	1.459640054090867e-21	2.196122283464676e-134
Lnuclei-pool84-S15-R-CTTCCA	7.84951532060156e-64	1.0	2.4149773426945898e-204
Lnuclei-pool84-S15-S-CGAATG	7.339043325018369e-101	1.0	3.101155090564354e-242
Lnuclei-pool84-S15-T-AGCATC	2.3267467909177923e-106	1.0	5.358188489327776e-206
Lnuclei-pool84-S15-U-TACCGA	4.608164543614447e-43	1.0	4.0080145943045597e-178
Lnuclei-pool84-S15-V-CAAGGA	1.0	4.239241544734577e-101	9.484308813017331e-146
Lnuclei-pool84-S15-X-CCGTAA	2.6826069823315542e-48	1.0	8.331473e-318
Lnuclei-pool84-S15-Y-ATAGAC	2.5712942297554525e-25	1.0	1.604816537653216e-133
Lnuclei-pool84-S15-Z-AGGTCT	7.595242059495285e-98	1.0	2.4620104371118858e-180
Lnuclei-pool85-S16-A-TAGCTT	4.4525155909925775e-29	1.0	3.1212159589952227e-133
Lnuclei-pool85-S16-B-ACTTGA	1.0	1.4000879811075934e-55	5.398293243227085e-146
Lnuclei-pool85-S16-C-GCCAAT	1.0660129825200509e-20	1.0	3.5421183034320646e-119
Lnuclei-pool85-S16-D-CGATGT	2.621169706857614e-56	1.0	1.1212360322515577e-180
Lnuclei-pool85-S16-EE-AACCTG	0.3862831351805413	0.6137168648194581	3.5243117592814655e-16
Lnuclei-pool85-S16-F-ATCACG	1.9569138152912466e-36	1.0	3.3051106581422305e-159
Lnuclei-pool85-S16-G-TGACCA	1.0	2.119610195023671e-55	1.6867667390780144e-105
Lnuclei-pool85-S16-H-CAGATC	1.360400267428382e-20	1.0	1.1176805045567013e-73
Lnuclei-pool85-S16-I-CTTGTA	3.11584261438768e-70	1.0	1.7559221228167538e-209
Lnuclei-pool85-S16-J-GACGAG	0.9999975126090375	2.48739095877717e-06	3.0000308593843773e-155
Lnuclei-pool85-S16-K-AAGGTC	5.668052768624439e-35	1.0	6.151854716442081e-203
Lnuclei-pool85-S16-L-TGTAGC	1.0	2.084687158627222e-33	1.1843703390966894e-101
Lnuclei-pool85-S16-M-TTGGCA	0.9999999999999858	1.2502517567045208e-14	6.235053184072079e-51
Lnuclei-pool85-S16-N-CTACTG	2.398873062957898e-49	1.0	6.281359245000557e-176
Lnuclei-pool85-S16-O-CATATG	2.813046460231031e-105	1.0	3.577543597700063e-248
Lnuclei-pool85-S16-P-GTATAC	5.645413788892089e-66	1.0	5.167672215283433e-263
Lnuclei-pool85-S16-Q-ACCTTC	5.142273656680263e-13	0.9999999999994884	2.5068737817675388e-256
Lnuclei-pool85-S16-R-CTTCCA	0.3862831386447492	0.6137168501299664	1.1225284597427042e-08
Lnuclei-pool86-S17-A-TAGCTT	2.25378458708612e-44	1.0	4.385305919553947e-200
Lnuclei-pool86-S17-AA-GGAATG	1.7433417562972475e-76	1.0	3.621105174255214e-247
Lnuclei-pool86-S17-B-ACTTGA	3.5992487648604434e-103	1.0	7.85897433686247e-192
Lnuclei-pool86-S17-BB-GCTTCA	4.8372563431894365e-79	1.0	7.927940960325492e-184
Lnuclei-pool86-S17-C-GCCAAT	1.0	4.332215163644988e-40	1.0605640901443874e-153
Lnuclei-pool86-S17-CC-TCCTAT	1.0	3.179774789603046e-43	6.249445746833593e-213
Lnuclei-pool86-S17-D-CGATGT	1.2130583331473562e-72	1.0	6.374551654339147e-169
Lnuclei-pool86-S17-DD-TAAGGC	5.436590997936126e-57	1.0	4.1801238539099185e-225
Lnuclei-pool86-S17-EE-AACCTG	1.2364056451943116e-57	1.0	8.942031413854198e-113
Lnuclei-pool86-S17-F-ATCACG	1.8253648565077943e-43	1.0	2.533164600612785e-263
Lnuclei-pool86-S17-FF-TTCCCG	1.0	5.614751903911375e-75	6.832501385854499e-250
Lnuclei-pool86-S17-G-TGACCA	1.8978415125779756e-37	1.0	1.7600209837789344e-83
Lnuclei-pool86-S17-GG-GATCAT	1.0	1.555139334034727e-18	2.919470369430954e-197
Lnuclei-pool86-S17-H-CAGATC	1.0	9.557816257717511e-132	3.0597079434664528e-158
Lnuclei-pool86-S17-HH-GCACTT	7.339668091172663e-74	1.0	0.0
Lnuclei-pool86-S17-I-CTTGTA	3.1819431194512226e-93	1.0	8.799650420627068e-292
Lnuclei-pool86-S17-J-GACGAG	7.618010594302226e-31	1.0	4.8990293052580155e-118
Lnuclei-pool86-S17-K-AAGGTC	3.5975813443698885e-117	1.0	7.187173895985789e-243
Lnuclei-pool86-S17-L-TGTAGC	5.505450212044194e-60	1.0	8.379094164493443e-309
Lnuclei-pool86-S17-M-TTGGCA	1.7473925814448475e-59	1.0	3.638239619102917e-185
Lnuclei-pool86-S17-N-CTACTG	1.205891250097559e-50	1.0	4.104911926648723e-181
Lnuclei-pool86-S17-O-CATATG	1.0	8.24028495405263e-35	7.580388457484677e-51
Lnuclei-pool86-S17-P-GTATAC	8.647791867977292e-49	1.0	1.7784445157031967e-197
Lnuclei-pool86-S17-Q-ACCTTC	1.0	3.2663941129684115e-34	8.119405336708607e-111
Lnuclei-pool86-S17-R-CTTCCA	1.0	1.886098507597831e-45	1.2595262709153596e-115
Lnuclei-pool86-S17-S-CGAATG	2.616163835301143e-51	1.0	0.0
Lnuclei-pool86-S17-T-AGCATC	2.6910802425350375e-49	1.0	5.3043672167529886e-170
Lnuclei-pool86-S17-U-TACCGA	4.219858521824447e-56	1.0	2.0689299996041953e-199
Lnuclei-pool86-S17-V-CAAGGA	1.48047327031918e-66	1.0	1.7036236645887474e-214
Lnuclei-pool86-S17-X-CCGTAA	1.0	4.4320154316830685e-39	2.2609611230417255e-142
Lnuclei-pool86-S17-Y-ATAGAC	3.515823590745578e-25	1.0	5.587354225822355e-117
Lnuclei-pool86-S17-Z-AGGTCT	5.461041766851656e-79	1.0	6.348673344251037e-283
Lnuclei-pool87-S18-A-TAGCTT	1.0727030106963026e-44	1.0	8.675427165819918e-212
Lnuclei-pool87-S18-AA-GGAATG	1.0	1.692783921497562e-65	6.944664290631593e-88
Lnuclei-pool87-S18-B-ACTTGA	1.0	1.986919940061582e-31	4.5837347402811035e-122
Lnuclei-pool87-S18-BB-GCTTCA	1.0	5.306510915371979e-44	6.403938240230825e-106
Lnuclei-pool87-S18-C-GCCAAT	1.6116825794748177e-09	0.9999999983883185	1.4349015659047973e-73
Lnuclei-pool87-S18-CC-TCCTAT	1.0	4.81490779975504e-80	1.819901773537733e-229
Lnuclei-pool87-S18-D-CGATGT	1.1010557912228862e-47	1.0	8.700961462727523e-110
Lnuclei-pool87-S18-DD-TAAGGC	1.0	6.704610732156089e-34	5.312798837316715e-109
Lnuclei-pool87-S18-EE-AACCTG	2.9220832622738842e-30	1.0	7.3732368222126295e-109
Lnuclei-pool87-S18-F-ATCACG	2.8868834264706004e-29	1.0	5.807124959703247e-154
Lnuclei-pool87-S18-FF-TTCCCG	9.483027766715927e-88	1.0	9.852861250841247e-216
Lnuclei-pool87-S18-G-TGACCA	0.9996561088368574	0.0003438911631512744	1.5551230406423147e-142
Lnuclei-pool87-S18-GG-GATCAT	3.471237567850435e-72	1.0	3.995605831793149e-263
Lnuclei-pool87-S18-H-CAGATC	1.3260565943626528e-39	1.0	1.489901111798962e-117
Lnuclei-pool87-S18-HH-GCACTT	1.1150763578190987e-12	0.9999999999988916	2.3371826453982557e-237
Lnuclei-pool87-S18-I-CTTGTA	1.0	3.257569628260532e-34	1.5370701285555774e-136
Lnuclei-pool87-S18-J-GACGAG	1.3069810762122873e-90	1.0	2.161476230241475e-140
Lnuclei-pool87-S18-K-AAGGTC	2.528297586600863e-18	1.0	7.555372793216778e-278
Lnuclei-pool87-S18-L-TGTAGC	3.097526756143119e-85	1.0	2.048456376004841e-203
Lnuclei-pool87-S18-M-TTGGCA	1.0534810573598494e-61	1.0	3.4824760744433633e-252
Lnuclei-pool87-S18-N-CTACTG	1.5390067513072593e-96	1.0	1.1777761959575737e-254
Lnuclei-pool87-S18-O-CATATG	1.428394316823811e-78	1.0	2.1607027803873776e-195
Lnuclei-pool87-S18-P-GTATAC	6.074745980873992e-51	1.0	5.3908626849122596e-238
Lnuclei-pool87-S18-Q-ACCTTC	2.124312315846177e-52	1.0	9.269626051234159e-228
Lnuclei-pool87-S18-R-CTTCCA	1.0	3.5490305868400206e-44	9.16595230378553e-164
Lnuclei-pool87-S18-S-CGAATG	2.1634449396500023e-12	0.9999999999978364	1.965856887523881e-81
Lnuclei-pool87-S18-T-AGCATC	1.0	2.5053237054852976e-29	2.311409080940024e-149
Lnuclei-pool87-S18-U-TACCGA	2.774611986448171e-85	1.0	7.725524209354071e-196
Lnuclei-pool87-S18-V-CAAGGA	2.7680207419340083e-59	1.0	5.1607576230731415e-245
Lnuclei-pool87-S18-X-CCGTAA	2.0075600617169912e-60	1.0	3.4560371425969924e-214
Lnuclei-pool87-S18-Y-ATAGAC	1.8457797258893613e-16	1.0	3.234595582477123e-175
Lnuclei-pool87-S18-Z-AGGTCT	1.3937344325487968e-113	1.0	1.5518443213503972e-305
