cell_nr;lib;pe_tot;pe_aln;map_rate_paired_end;r1_tot;r1_aln;map_rate_r1_single_end;r2_tot;r2_aln;map_rate_r2_single_end;total_map_rate;pe dup rate %;nr_CpG_sites;nr_cells_in_pool;Method;pe_cpg_methylation (%);pe_chg_methylation (%);pe_chh_methylation (%);Batch;Cluster;K562
1;K562-pool34-A-TAGCTT;7802044;4310546;0.55;3491498;1238672;0.35;3491498;757380;0.22;0.68;47.77;5202982;8;snmC-Seq2;32.8;1;1;snmC2-Seq;other;K562
2;K562-pool34-B-ACTTGA;8501676;4762445;0.56;3739231;1386755;0.37;3739231;818109;0.22;0.69;48.27;5725303;8;snmC-Seq2;36.4;3;2.9;snmC2-Seq;other;K562
3;K562-pool34-C-GCCAAT;8340590;4616744;0.55;3723846;1436683;0.39;3723846;771883;0.21;0.69;49.16;5676011;8;snmC-Seq2;33.1;1.1;1;snmC2-Seq;other;K562
4;K562-pool34-D-CGATGT;7534808;4190288;0.56;3344520;1303806;0.39;3344520;693987;0.21;0.69;48.83;5228490;8;snmC-Seq2;32.3;0.8;0.8;snmC2-Seq;other;K562
5;K562-pool34-F-ATCACG;12399588;7220360;0.58;5179228;2200112;0.42;5179228;1213214;0.23;0.72;49.84;8405132;8;snmC-Seq2;35.4;1.2;1.2;snmC2-Seq;other;K562
6;K562-pool34-G-TGACCA;11997570;6932651;0.58;5064919;1870287;0.37;5064919;1161202;0.23;0.7;48.77;7655991;8;snmC-Seq2;31.7;1.4;1.4;snmC2-Seq;cluster2;K562
7;K562-pool34-H-CAGATC;20182427;12015654;0.6;8166773;3733483;0.46;8166773;2083598;0.26;0.74;50.22;12598794;8;snmC-Seq2;33.6;0.9;0.9;snmC2-Seq;other;K562
8;K562-pool34-I-CTTGTA;12444490;7225625;0.58;5218865;2090573;0.4;5218865;1130760;0.22;0.71;49.81;8073607;8;snmC-Seq2;31.7;0.9;0.9;snmC2-Seq;other;K562
9;K562-pool35-A-TAGCTT;19253511;10930267;0.57;8323244;3488489;0.42;8323244;1776711;0.21;0.7;51.19;11101618;8;snmC-Seq2;33.3;0.7;0.7;snmC2-Seq;other;K562
10;K562-pool35-B-ACTTGA;12939356;7389813;0.57;5549543;2332837;0.42;5549543;1178527;0.21;0.71;51.3;8490756;8;snmC-Seq2;34.5;2;2;snmC2-Seq;other;K562
11;K562-pool35-C-GCCAAT;7407813;4102947;0.55;3304866;1250903;0.38;3304866;666360;0.2;0.68;50.2;4842619;8;snmC-Seq2;32.7;1.2;1.1;snmC2-Seq;other;K562
12;K562-pool35-D-CGATGT;8413816;4638584;0.55;3775232;1596224;0.42;3775232;703736;0.19;0.69;51.72;5611331;8;snmC-Seq2;35;0.8;0.8;snmC2-Seq;other;K562
13;K562-pool35-F-ATCACG;12385923;7176311;0.58;5209612;2269423;0.44;5209612;1130766;0.22;0.72;52.07;7861902;8;snmC-Seq2;32.6;1.2;1.2;snmC2-Seq;other;K562
14;K562-pool35-G-TGACCA;15705272;9154364;0.58;6550908;2788165;0.43;6550908;1446351;0.22;0.72;51.77;9875359;8;snmC-Seq2;36.2;1.2;1.1;snmC2-Seq;other;K562
15;K562-pool35-H-CAGATC;18532950;10968410;0.59;7564540;3536266;0.47;7564540;1798911;0.24;0.74;52.08;11579141;8;snmC-Seq2;35.2;0.9;0.9;snmC2-Seq;other;K562
16;K562-pool35-I-CTTGTA;12868945;7516148;0.58;5352797;2249707;0.42;5352797;1111388;0.21;0.71;51.88;8093680;8;snmC-Seq2;32.6;0.9;0.9;snmC2-Seq;other;K562
17;K562-pool36-A-TAGCTT;6476567;3871125;0.6;2605442;713012;0.27;2605442;480577;0.18;0.69;44.11;4349315;8;scSPLAT;32.9;0.8;0.8;B1;other;K562
18;K562-pool36-B-ACTTGA;5354443;3199467;0.6;2154976;629092;0.29;2154976;389091;0.18;0.69;45.74;3878507;8;scSPLAT;32.5;1.9;1.9;B1;other;K562
19;K562-pool36-C-GCCAAT;7906838;4768089;0.6;3138749;933326;0.3;3138749;590140;0.19;0.7;44.13;5538746;8;scSPLAT;37;0.8;0.8;B1;other;K562
20;K562-pool36-D-CGATGT;4382715;2631960;0.6;1750755;560360;0.32;1750755;311940;0.18;0.7;45.88;3389354;8;scSPLAT;32.7;0.7;0.6;B1;other;K562
21;K562-pool36-F-ATCACG;6419339;3862387;0.6;2556952;809838;0.32;2556952;472346;0.18;0.7;46.17;4640759;8;scSPLAT;32.6;1.1;1.1;B1;cluster2;K562
22;K562-pool36-G-TGACCA;6663026;3987070;0.6;2675956;797192;0.3;2675956;480973;0.18;0.69;46.01;4723822;8;scSPLAT;31;1.1;1.1;B1;cluster2;K562
23;K562-pool36-H-CAGATC;6139115;3612134;0.59;2526981;741922;0.29;2526981;448880;0.18;0.69;46.11;4438989;8;scSPLAT;32.6;0.9;0.9;B1;other;K562
24;K562-pool36-I-CTTGTA;7327298;4439015;0.61;2888283;904115;0.31;2888283;510371;0.18;0.7;46.39;5240184;8;scSPLAT;32;0.8;0.8;B1;other;K562
25;K562-pool37-A-TAGCTT;10964082;6598191;0.6;4365891;1121981;0.26;4365891;797594;0.18;0.69;41.68;7082815;8;scSPLAT;31.8;0.8;0.8;B1;cluster2;K562
26;K562-pool37-B-ACTTGA;9453668;5886202;0.62;3567466;1046194;0.29;3567466;690813;0.19;0.71;43.84;6937760;8;scSPLAT;33.5;1.4;1.4;B1;other;K562
27;K562-pool37-C-GCCAAT;4899869;2962998;0.6;1936871;528798;0.27;1936871;346844;0.18;0.69;43.57;3996409;8;scSPLAT;36.3;0.8;0.8;B1;other;K562
28;K562-pool37-D-CGATGT;5451917;3358117;0.62;2093800;636506;0.3;2093800;391199;0.19;0.71;43.94;4577113;8;scSPLAT;36.7;0.7;0.7;B1;other;K562
29;K562-pool37-F-ATCACG;6172944;3727115;0.6;2445829;670373;0.27;2445829;434034;0.18;0.69;43.07;4430791;8;scSPLAT;36.3;1.2;1.1;B1;other;K562
30;K562-pool37-G-TGACCA;7612119;4092990;0.54;3519129;712224;0.2;3519129;457390;0.13;0.61;44.38;5077199;8;scSPLAT;36.7;3.9;4.2;B1;other;K562
31;K562-pool37-H-CAGATC;5191045;3128935;0.6;2062110;580757;0.28;2062110;377566;0.18;0.7;44.37;4174334;8;scSPLAT;33.9;1.2;1.2;B1;cluster2;K562
32;K562-pool37-I-CTTGTA;9052577;5736013;0.63;3316564;1000221;0.3;3316564;627538;0.19;0.72;44.2;6635887;8;scSPLAT;33.2;0.8;0.8;B1;other;K562
33;K562-pool52-A-TAGCTT;7159915;4250487;0.59;2909428;1077556;0.37;2909428;637958;0.22;0.71;78.12;2522596;8;scSPLAT;32.5;0.8;0.8;B1;other;K562
34;K562-pool52-B-ACTTGA;10546002;6335149;0.6;4210853;1650316;0.39;4210853;922695;0.22;0.72;78.5;3721175;8;scSPLAT;30.9;0.7;0.6;B1;other;K562
35;K562-pool52-C-GCCAAT;279200;183827;0.66;95373;38089;0.4;95373;19913;0.21;0.76;78.8;108056;8;scSPLAT;29.7;0.6;0.6;B1;other;K562
36;K562-pool52-D-CGATGT;3781668;2205758;0.58;1575910;636503;0.4;1575910;325337;0.21;0.71;78.43;1524514;8;scSPLAT;36.4;1.6;1.7;B1;other;K562
37;K562-pool52-J-GACGAG;3257248;1933996;0.59;1323252;532521;0.4;1323252;282237;0.21;0.72;78.59;1275382;8;scSPLAT;32.1;0.8;0.8;B1;other;K562
38;K562-pool52-K-AAGGTC;3722447;2232031;0.6;1490416;598646;0.4;1490416;311597;0.21;0.72;78.71;1435290;8;scSPLAT;33.1;0.6;0.6;B1;other;K562
39;K562-pool52-L-TGTAGC;4318892;1968076;0.46;2350816;524566;0.22;2350816;278705;0.12;0.55;78.23;1296019;8;scSPLAT;30.9;1;1;B1;other;K562
40;K562-pool52-M-TTGGCA;3640427;2143471;0.59;1496956;534218;0.36;1496956;293968;0.2;0.7;78.52;1328677;8;scSPLAT;32.4;1.7;1.7;B1;other;K562
41;K562-pool53-F-ATCACG;7297481;4342403;0.6;2955078;1095939;0.37;2955078;565572;0.19;0.71;80.65;2093689;8;scSPLAT;33.7;1.7;1.7;B1;other;K562
42;K562-pool53-G-TGACCA;9867847;6017603;0.61;3850244;1460420;0.38;3850244;748533;0.19;0.72;80.57;2806888;8;scSPLAT;32.3;1.2;1.2;B1;other;K562
43;K562-pool53-H-CAGATC;10017741;6012047;0.6;4005694;1590624;0.4;4005694;807270;0.2;0.72;80.68;2936448;8;scSPLAT;32.9;0.6;0.6;B1;other;K562
44;K562-pool53-I-CTTGTA;6969895;4210909;0.6;2758986;1020455;0.37;2758986;507935;0.18;0.71;80.63;2012593;8;scSPLAT;33;0.9;0.8;B1;other;K562
45;K562-pool53-N-CTACTG;16012522;10050028;0.63;5962494;2541725;0.43;5962494;1281272;0.21;0.75;80.5;4674377;8;scSPLAT;33.1;0.7;0.7;B1;other;K562
46;K562-pool53-O-CATATG;8053505;4772636;0.59;3280869;1250561;0.38;3280869;608162;0.19;0.71;80.46;2360106;8;scSPLAT;31.1;0.7;0.6;B1;other;K562
47;K562-pool53-P-GTATAC;18526526;11463412;0.62;7063114;2895695;0.41;7063114;1463750;0.21;0.74;80.58;5120649;8;scSPLAT;33.9;0.7;0.7;B1;other;K562
48;K562-pool53-Q-ACCTTC;8545224;5116118;0.6;3429106;1268717;0.37;3429106;688207;0.2;0.71;80.19;2573702;8;scSPLAT;32.3;0.7;0.6;B1;other;K562
49;K562-pool54-A-TAGCTT;4537747;2701090;0.6;1836657;620813;0.34;1836657;338103;0.18;0.7;73.61;1856528;16;scSPLAT;33.3;0.8;0.8;B1;other;K562
50;K562-pool54-B-ACTTGA;7559373;4623916;0.61;2935457;1134936;0.39;2935457;573539;0.2;0.72;74.13;3211709;16;scSPLAT;35;0.7;0.7;B1;other;K562
51;K562-pool54-C-GCCAAT;3940525;2298905;0.58;1641620;572150;0.35;1641620;273523;0.17;0.69;74.16;1619482;16;scSPLAT;34.7;1;1;B1;other;K562
52;K562-pool54-D-CGATGT;2907513;1695967;0.58;1211546;434109;0.36;1211546;210870;0.17;0.69;73.8;1234743;16;scSPLAT;34.9;0.7;0.7;B1;other;K562
53;K562-pool54-F-ATCACG;4285070;2539039;0.59;1746031;657532;0.38;1746031;319316;0.18;0.71;74.4;1894941;16;scSPLAT;38;1.5;1.5;B1;other;K562
54;K562-pool54-G-TGACCA;5934539;3150977;0.53;2783562;664199;0.24;2783562;362459;0.13;0.62;74.4;1987103;16;scSPLAT;44;1.1;1.1;B1;other;K562
55;K562-pool54-H-CAGATC;5363430;3063122;0.57;2300308;732706;0.32;2300308;374345;0.16;0.67;74.34;2111150;16;scSPLAT;32.9;0.8;0.8;B1;other;K562
56;K562-pool54-I-CTTGTA;12161462;7738207;0.64;4423255;1800355;0.41;4423255;889539;0.2;0.75;74.04;4843324;16;scSPLAT;33.6;0.6;0.6;B1;other;K562
57;K562-pool54-J-GACGAG;2937491;1739274;0.59;1198217;435251;0.36;1198217;224288;0.19;0.7;74.45;1279033;16;scSPLAT;35;0.8;0.8;B1;other;K562
58;K562-pool54-K-AAGGTC;7384325;4628599;0.63;2755726;1123683;0.41;2755726;577634;0.21;0.74;74.33;3136714;16;scSPLAT;33;0.7;0.6;B1;other;K562
59;K562-pool54-L-TGTAGC;3076813;1834339;0.6;1242474;450889;0.36;1242474;226262;0.18;0.71;73.62;1357243;16;scSPLAT;34.4;0.9;0.9;B1;other;K562
60;K562-pool54-M-TTGGCA;4201901;2584187;0.62;1617714;609646;0.38;1617714;312693;0.19;0.72;73.97;1906210;16;scSPLAT;35;0.7;0.7;B1;other;K562
61;K562-pool54-N-CTACTG;51535721;33631270;0.65;17904451;7155598;0.4;17904451;4017591;0.22;0.76;74.29;14646089;16;scSPLAT;71.7;0.7;0.7;B1;other;K562
62;K562-pool54-O-CATATG;3561611;2165665;0.61;1395946;504323;0.36;1395946;261121;0.19;0.72;74.07;1501653;16;scSPLAT;32.7;0.8;0.8;B1;other;K562
63;K562-pool54-P-GTATAC;7141989;4472800;0.63;2669189;1043264;0.39;2669189;538264;0.2;0.74;74.22;2980795;16;scSPLAT;35.8;0.8;0.8;B1;other;K562
64;K562-pool54-Q-ACCTTC;3254694;1949690;0.6;1305004;444695;0.34;1305004;229954;0.18;0.7;73.91;1391391;16;scSPLAT;35.6;0.9;0.8;B1;other;K562
65;K562-pool55-A-TAGCTT;5048227;2662827;0.53;2385400;646501;0.27;2385400;356768;0.15;0.63;76.5;1696518;16;scSPLAT;31.4;0.8;0.7;B1;other;K562
66;K562-pool55-B-ACTTGA;4675999;2575394;0.55;2100605;637092;0.3;2100605;345249;0.16;0.66;76.71;1661196;16;scSPLAT;33.2;0.9;0.9;B1;other;K562
67;K562-pool55-C-GCCAAT;5344138;2997749;0.56;2346389;755330;0.32;2346389;405367;0.17;0.67;76.61;1953573;16;scSPLAT;33.8;1;1;B1;other;K562
68;K562-pool55-D-CGATGT;62804;41481;0.66;21323;8495;0.4;21323;4430;0.21;0.76;77.24;28870;16;scSPLAT;31.7;1.6;1.7;B1;cluster2;K562
69;K562-pool55-F-ATCACG;5840558;3414527;0.58;2426031;813605;0.34;2426031;464149;0.19;0.69;76.61;2205738;16;scSPLAT;32.5;0.8;0.8;B1;other;K562
70;K562-pool55-G-TGACCA;5909253;3505508;0.59;2403745;798175;0.33;2403745;458953;0.19;0.7;77.17;2179729;16;scSPLAT;32.5;1;1;B1;other;K562
71;K562-pool55-H-CAGATC;7471539;4322129;0.58;3149410;1087325;0.35;3149410;617969;0.2;0.69;77.35;2732338;16;scSPLAT;32.3;0.7;0.6;B1;cluster2;K562
72;K562-pool55-I-CTTGTA;12098725;7353683;0.61;4745042;1740214;0.37;4745042;941978;0.2;0.72;77.18;4288267;16;scSPLAT;31.8;0.7;0.7;B1;other;K562
73;K562-pool55-J-GACGAG;5341496;3177676;0.59;2163820;859310;0.4;2163820;430028;0.2;0.72;76.94;2159027;16;scSPLAT;31.9;0.7;0.6;B1;cluster2;K562
74;K562-pool55-K-AAGGTC;6058925;3620755;0.6;2438170;929695;0.38;2438170;474373;0.19;0.71;76.78;2407677;16;scSPLAT;35.5;0.7;0.6;B1;other;K562
75;K562-pool55-L-TGTAGC;3934906;2291360;0.58;1643546;576769;0.35;1643546;310518;0.19;0.7;76.57;1563144;16;scSPLAT;32.5;0.7;0.7;B1;other;K562
76;K562-pool55-M-TTGGCA;4860667;2814477;0.58;2046190;669190;0.33;2046190;374596;0.18;0.69;76.54;1848897;16;scSPLAT;33.4;0.7;0.7;B1;other;K562
77;K562-pool55-N-CTACTG;10671290;6603378;0.62;4067912;1539868;0.38;4067912;875988;0.22;0.73;77.1;3997957;16;scSPLAT;34.5;0.9;1;B1;other;K562
78;K562-pool55-O-CATATG;6237420;3640929;0.58;2596491;909045;0.35;2596491;480316;0.18;0.7;77.05;2289602;16;scSPLAT;33.7;0.7;0.7;B1;other;K562
79;K562-pool55-P-GTATAC;5732231;3349609;0.58;2382622;778692;0.33;2382622;441435;0.19;0.69;76.96;2117608;16;scSPLAT;31.5;0.6;0.6;B1;other;K562
80;K562-pool55-Q-ACCTTC;9889518;6025761;0.61;3863757;1428404;0.37;3863757;789229;0.2;0.72;76.57;3803873;16;scSPLAT;33.6;0.6;0.6;B1;other;K562
81;K562-pool58-A-TAGCTT;7506324;4507634;0.6;2998690;933655;0.31;2998690;605501;0.2;0.7;77.38;2346217;16;scSPLAT;32.2;0.7;0.7;B1;cluster2;K562
82;K562-pool58-B-ACTTGA;4809636;2752517;0.57;2057119;683073;0.33;2057119;403010;0.2;0.69;77.39;1545343;16;scSPLAT;32.8;1.1;0.9;B1;other;K562
83;K562-pool58-C-GCCAAT;3158153;1802528;0.57;1355625;411165;0.3;1355625;240575;0.18;0.67;77.44;1028949;16;scSPLAT;32.3;0.8;0.8;B1;other;K562
84;K562-pool58-D-CGATGT;2800123;1636065;0.58;1164058;377796;0.32;1164058;223194;0.19;0.69;77.47;943102;16;scSPLAT;32.7;0.8;0.7;B1;other;K562
85;K562-pool58-F-ATCACG;5805304;3365126;0.58;2440178;779441;0.32;2440178;454683;0.19;0.69;77.68;1811874;16;scSPLAT;32.9;1;0.9;B1;other;K562
86;K562-pool58-G-TGACCA;4421574;2692835;0.61;1728739;559108;0.32;1728739;345162;0.2;0.71;77.72;1421906;16;scSPLAT;34.1;1.2;1.2;B1;other;K562
87;K562-pool58-H-CAGATC;4028071;2369133;0.59;1658938;541691;0.33;1658938;325037;0.2;0.7;77.71;1337448;16;scSPLAT;33.3;0.8;0.7;B1;other;K562
88;K562-pool58-I-CTTGTA;3326042;2014567;0.61;1311475;434029;0.33;1311475;253158;0.19;0.71;77.59;1078435;16;scSPLAT;34.6;1.6;1.4;B1;other;K562
89;K562-pool58-J-GACGAG;2834394;1651477;0.58;1182917;401183;0.34;1182917;231541;0.2;0.69;77.61;975937;16;scSPLAT;33.4;0.8;0.7;B1;other;K562
90;K562-pool58-K-AAGGTC;4320965;2585389;0.6;1735576;605015;0.35;1735576;377805;0.22;0.71;77.62;1551278;16;scSPLAT;36;0.9;0.8;B1;other;K562
91;K562-pool58-L-TGTAGC;2503457;1429181;0.57;1074276;330239;0.31;1074276;195334;0.18;0.68;77.2;842688;16;scSPLAT;33.5;0.9;0.8;B1;other;K562
92;K562-pool58-M-TTGGCA;5681868;3392674;0.6;2289194;752729;0.33;2289194;460032;0.2;0.7;77.39;1842409;16;scSPLAT;33.3;0.8;0.8;B1;other;K562
93;K562-pool58-N-CTACTG;4996271;2960213;0.59;2036058;644961;0.32;2036058;386182;0.19;0.7;77.55;1592633;16;scSPLAT;33;1.1;1;B1;other;K562
94;K562-pool58-O-CATATG;4605455;2756161;0.6;1849294;643559;0.35;1849294;378001;0.2;0.71;77.51;1648985;16;scSPLAT;37.5;1.1;1;B1;other;K562
95;K562-pool58-P-GTATAC;3705060;2195766;0.59;1509294;508059;0.34;1509294;309938;0.21;0.7;77.73;1320541;16;scSPLAT;35.9;1.6;1.6;B1;other;K562
96;K562-pool58-Q-ACCTTC;7995193;4978156;0.62;3017037;1043337;0.35;3017037;668035;0.22;0.73;77.32;2658270;16;scSPLAT;32.5;0.8;0.7;B1;other;K562
97;K562-pool59-A-TAGCTT;4143850;2514379;0.61;1629471;477115;0.29;1629471;327713;0.2;0.7;74.24;1432922;16;scSPLAT;33.6;0.8;0.8;B1;other;K562
98;K562-pool59-B-ACTTGA;3036085;1791671;0.59;1244414;364258;0.29;1244414;235213;0.19;0.69;74.7;1052340;16;scSPLAT;33.2;0.8;0.7;B1;other;K562
99;K562-pool59-C-GCCAAT;2863881;1728577;0.6;1135304;339071;0.3;1135304;211737;0.19;0.7;74.74;1021229;16;scSPLAT;32.8;0.8;0.7;B1;cluster2;K562
100;K562-pool59-D-CGATGT;3480805;2038179;0.59;1442626;478937;0.33;1442626;276923;0.19;0.69;74.35;1337113;16;scSPLAT;36.7;1;0.9;B1;other;K562
101;K562-pool59-F-ATCACG;8411288;5026193;0.6;3385095;1200500;0.35;3385095;718470;0.21;0.71;74.56;3002591;16;scSPLAT;33.8;0.9;0.8;B1;other;K562
102;K562-pool59-G-TGACCA;4686410;2867053;0.61;1819357;544795;0.3;1819357;351358;0.19;0.71;74.82;1617189;16;scSPLAT;34.9;2.2;2.1;B1;other;K562
103;K562-pool59-H-CAGATC;3289878;1984068;0.6;1305810;414831;0.32;1305810;257695;0.2;0.71;74.93;1209228;16;scSPLAT;35.2;0.8;0.7;B1;other;K562
104;K562-pool59-I-CTTGTA;8165343;5163841;0.63;3001502;1013572;0.34;3001502;621427;0.21;0.73;74.69;2899421;16;scSPLAT;34;1.8;1.5;B1;other;K562
105;K562-pool59-J-GACGAG;3469491;2122972;0.61;1346519;480839;0.36;1346519;297350;0.22;0.72;74.62;1413337;16;scSPLAT;35.2;1;1;B1;other;K562
106;K562-pool59-K-AAGGTC;2952499;1724782;0.58;1227717;362081;0.29;1227717;233523;0.19;0.69;74.58;1079654;16;scSPLAT;33.8;1;0.9;B1;other;K562
107;K562-pool59-L-TGTAGC;2248597;1365739;0.61;882858;293537;0.33;882858;180267;0.2;0.71;74.01;884916;16;scSPLAT;33.3;1.3;1;B1;other;K562
108;K562-pool59-M-TTGGCA;3399314;1988130;0.58;1411184;420331;0.3;1411184;258972;0.18;0.68;74.15;1291882;16;scSPLAT;32.7;1;1;B1;other;K562
109;K562-pool59-N-CTACTG;4758173;2927930;0.62;1830243;644103;0.35;1830243;384928;0.21;0.72;74.64;1933653;16;scSPLAT;37.5;1.7;1.4;B1;other;K562
110;K562-pool59-O-CATATG;5482866;3297644;0.6;2185222;736234;0.34;2185222;422443;0.19;0.71;74.59;2239326;16;scSPLAT;36.8;0.8;0.7;B1;other;K562
111;K562-pool59-P-GTATAC;4397827;2658154;0.6;1739673;552243;0.32;1739673;333623;0.19;0.71;74.69;1667916;16;scSPLAT;34.2;1.1;1;B1;other;K562
112;K562-pool59-Q-ACCTTC;3794141;2258773;0.6;1535368;452841;0.29;1535368;288349;0.19;0.69;74.48;1402259;16;scSPLAT;34;1.1;0.9;B1;other;K562
113;K562-pool61-A-TAGCTT;2552544;1516081;0.59;1036463;353811;0.34;1036463;194954;0.19;0.7;55.8;1695496;16;scSPLAT;33.9;0.8;0.7;B1;other;K562
114;K562-pool61-B-ACTTGA;5373365;3279213;0.61;2094152;745640;0.36;2094152;434477;0.21;0.72;55.9;3540093;16;scSPLAT;33.5;0.7;0.6;B1;cluster2;K562
115;K562-pool61-C-GCCAAT;3049985;1832924;0.6;1217061;396521;0.33;1217061;226978;0.19;0.7;55.86;1967476;16;scSPLAT;31.8;0.8;0.7;B1;cluster2;K562
116;K562-pool61-D-CGATGT;3675387;2239632;0.61;1435755;565082;0.39;1435755;279500;0.19;0.72;55.9;2556567;16;scSPLAT;34.9;0.6;0.6;B1;other;K562
117;K562-pool61-F-ATCACG;3268647;1996873;0.61;1271774;438668;0.34;1271774;254869;0.2;0.72;56.12;2154801;16;scSPLAT;32.6;1;1;B1;other;K562
118;K562-pool61-G-TGACCA;3228801;1979249;0.61;1249552;423976;0.34;1249552;233148;0.19;0.71;56.09;2121115;16;scSPLAT;32.3;1.5;;B1;other;K562
119;K562-pool61-H-CAGATC;2772839;1684788;0.61;1088051;403133;0.37;1088051;225917;0.21;0.72;56.23;1905777;16;scSPLAT;35.1;0.9;0.8;B1;other;K562
120;K562-pool61-I-CTTGTA;3112581;1904055;0.61;1208526;426147;0.35;1208526;221849;0.18;0.72;56.27;2094913;16;scSPLAT;33.3;1.4;1.5;B1;other;K562
121;K562-pool61-J-GACGAG;1918550;1132071;0.59;786479;289695;0.37;786479;158889;0.2;0.71;55.92;1449987;16;scSPLAT;36.6;1;0.9;B1;other;K562
122;K562-pool61-K-AAGGTC;2060319;1222467;0.59;837852;282373;0.34;837852;163536;0.2;0.7;55.64;1412026;16;scSPLAT;31;0.8;0.7;B1;other;K562
123;K562-pool61-L-TGTAGC;1639731;969277;0.59;670454;229065;0.34;670454;125826;0.19;0.7;55.49;1136781;16;scSPLAT;31.7;1.1;1;B1;other;K562
124;K562-pool61-M-TTGGCA;2956853;1766090;0.6;1190763;418399;0.35;1190763;222129;0.19;0.71;55.64;2003540;16;scSPLAT;33.9;0.9;0.8;B1;other;K562
125;K562-pool61-N-CTACTG;3303773;1988470;0.6;1315303;477692;0.36;1315303;255533;0.19;0.71;56.03;2229342;16;scSPLAT;33.2;1.6;1.5;B1;other;K562
126;K562-pool61-O-CATATG;2698157;1611111;0.6;1087046;381241;0.35;1087046;198851;0.18;0.7;56.05;1854858;16;scSPLAT;32.7;0.9;0.9;B1;other;K562
127;K562-pool61-P-GTATAC;3875786;2401870;0.62;1473916;561509;0.38;1473916;313542;0.21;0.73;56.19;2786753;16;scSPLAT;35.6;0.9;0.8;B1;other;K562
128;K562-pool61-Q-ACCTTC;2236307;1318803;0.59;917504;287426;0.31;917504;175429;0.19;0.69;55.74;1519785;16;scSPLAT;35;2.2;2.3;B1;other;K562
129;K562-pool62-A-TAGCTT;7708466;4727188;0.61;2981278;1017168;0.34;2981278;600148;0.2;0.72;57.79;4781348;16;scSPLAT;33.9;0.8;0.7;B1;other;K562
130;K562-pool62-B-ACTTGA;5606515;3307851;0.59;2298664;771399;0.34;2298664;425744;0.19;0.7;57.95;3556166;16;scSPLAT;36.5;0.9;0.8;B1;other;K562
131;K562-pool62-C-GCCAAT;7523343;4523057;0.6;3000286;1019866;0.34;3000286;547522;0.18;0.71;57.79;4591529;16;scSPLAT;33.5;0.8;0.7;B1;other;K562
132;K562-pool62-D-CGATGT;3375282;1959433;0.58;1415849;460815;0.33;1415849;240467;0.17;0.68;57.94;2077623;16;scSPLAT;32.7;1.1;0.9;B1;other;K562
133;K562-pool62-F-ATCACG;4675814;2886976;0.62;1788838;642682;0.36;1788838;360283;0.2;0.72;58.17;3105340;16;scSPLAT;36;1.4;1.3;B1;other;K562
134;K562-pool62-G-TGACCA;3660390;2277387;0.62;1383003;459152;0.33;1383003;262887;0.19;0.72;58.15;2280238;16;scSPLAT;33.4;1.5;1.5;B1;other;K562
135;K562-pool62-H-CAGATC;6497979;4108667;0.63;2389312;914334;0.38;2389312;527645;0.22;0.74;58.08;4190859;16;scSPLAT;31.3;0.9;0.8;B1;other;K562
136;K562-pool62-I-CTTGTA;287802;27301;0.09;260501;4825;0.02;260501;2860;0.01;0.11;59.58;23471;16;scSPLAT;58.1;48.2;49.2;B1;other;K562
137;K562-pool62-J-GACGAG;5183274;3212145;0.62;1971129;734101;0.37;1971129;420265;0.21;0.73;58.09;3383810;16;scSPLAT;32.8;0.9;0.8;B1;other;K562
138;K562-pool62-K-AAGGTC;4915492;3043735;0.62;1871757;663114;0.35;1871757;389846;0.21;0.73;58.12;3247472;16;scSPLAT;35.8;0.9;0.8;B1;other;K562
139;K562-pool62-L-TGTAGC;1972547;1158780;0.59;813767;259678;0.32;813767;144520;0.18;0.69;57.53;1298076;16;scSPLAT;33.8;1;0.9;B1;other;K562
140;K562-pool62-M-TTGGCA;3803147;2363834;0.62;1439313;455742;0.32;1439313;281597;0.2;0.72;57.83;2332733;16;scSPLAT;32.2;0.8;0.8;B1;other;K562
141;K562-pool62-N-CTACTG;3881036;2355438;0.61;1525598;518791;0.34;1525598;285060;0.19;0.71;57.93;2513520;16;scSPLAT;33.9;1.1;1.1;B1;other;K562
142;K562-pool62-O-CATATG;4568743;2768755;0.61;1799988;580058;0.32;1799988;327875;0.18;0.71;57.99;2821981;16;scSPLAT;32.8;0.9;0.9;B1;other;K562
143;K562-pool62-P-GTATAC;4389777;2720930;0.62;1668847;557824;0.33;1668847;325514;0.2;0.72;58.14;2756836;16;scSPLAT;33.2;0.8;0.8;B1;other;K562
144;K562-pool62-Q-ACCTTC;5765100;3639650;0.63;2125450;699632;0.33;2125450;438009;0.21;0.73;57.76;3684264;16;scSPLAT;34.4;1.1;1;B1;other;K562
145;K562-pool70-S1-A-TAGCTT;2089723;269310;0.13;1820413;36967;0.02;1820413;33784;0.02;0.15;79.79;86053;16;scSPLAT;70.4;10;10.7;B2;other;K562
146;K562-pool70-S1-B-ACTTGA;19816577;150567;0.01;19666010;26056;0;19666010;25252;0;0.01;80.16;45238;16;scSPLAT;83.5;32.1;32.5;B2;other;K562
147;K562-pool70-S1-C-GCCAAT;25405245;16080075;0.63;9325170;2572716;0.28;9325170;1699942;0.18;0.72;81.16;5902064;16;scSPLAT;33.6;1;0.9;B2;other;K562
148;K562-pool70-S1-D-CGATGT;23372059;14962024;0.64;8410035;2518074;0.3;8410035;1562909;0.19;0.73;80.85;5823549;16;scSPLAT;33.8;1.1;1.1;B2;other;K562
149;K562-pool70-S1-F-ATCACG;33274431;21653509;0.65;11620922;3570646;0.31;11620922;2334438;0.2;0.74;81.18;7779533;16;scSPLAT;34.4;1.8;1.9;B2;other;K562
150;K562-pool70-S1-G-TGACCA;56096018;37978223;0.68;18117795;5860546;0.32;18117795;3942033;0.22;0.76;81.18;11728531;16;scSPLAT;34.1;1.5;1.5;B2;cluster2;K562
151;K562-pool70-S1-H-CAGATC;30824113;20533841;0.67;10290272;3294725;0.32;10290272;2221279;0.22;0.76;81.1;7720191;16;scSPLAT;35.7;2.4;2.4;B2;other;K562
152;K562-pool70-S1-I-CTTGTA;34091696;22519104;0.66;11572592;3542961;0.31;11572592;2332930;0.2;0.75;80.98;8044690;16;scSPLAT;34.3;1.6;1.6;B2;other;K562
153;K562-pool70-S1-J-GACGAG;29159132;19000047;0.65;10159085;3362071;0.33;10159085;2283141;0.22;0.75;81.21;7400400;16;scSPLAT;36.1;1.3;1.3;B2;other;K562
154;K562-pool70-S1-K-AAGGTC;26090531;16929270;0.65;9161261;2692217;0.29;9161261;1955692;0.21;0.74;81.03;6215161;16;scSPLAT;32;1;0.9;B2;cluster2;K562
155;K562-pool70-S1-L-TGTAGC;15620950;9715479;0.62;5905471;1635035;0.28;5905471;1141565;0.19;0.71;80.77;3975886;16;scSPLAT;33.9;1.1;1.1;B2;other;K562
156;K562-pool70-S1-M-TTGGCA;25179013;16367300;0.65;8811713;2549842;0.29;8811713;1846787;0.21;0.74;80.81;6069346;16;scSPLAT;34.9;1;0.9;B2;other;K562
157;K562-pool70-S1-N-CTACTG;25175404;16211466;0.64;8963938;2646510;0.3;8963938;1772721;0.2;0.73;81.03;5965261;16;scSPLAT;33.7;2;1.9;B2;other;K562
158;K562-pool70-S1-O-CATATG;27405463;17811656;0.65;9593807;2908840;0.3;9593807;1949070;0.2;0.74;80.87;6612556;16;scSPLAT;34;1.2;1.2;B2;other;K562
159;K562-pool70-S1-P-GTATAC;26532537;17471265;0.66;9061272;2743727;0.3;9061272;1955198;0.22;0.75;81.1;6378606;16;scSPLAT;34.4;1;1;B2;other;K562
160;K562-pool70-S1-Q-ACCTTC;25287644;15433107;0.61;9854537;2467863;0.25;9854537;1771632;0.18;0.69;81.02;5690519;16;scSPLAT;32.1;1;0.9;B2;other;K562
161;K562-pool71-S2-A-TAGCTT;30835784;19974747;0.65;10861037;2982201;0.27;10861037;2078979;0.19;0.73;82.58;6493561;16;scSPLAT;36.2;3.7;3.8;B2;other;K562
162;K562-pool71-S2-B-ACTTGA;46276801;30299258;0.65;15977543;4987430;0.31;15977543;3271792;0.2;0.74;82.99;9551195;16;scSPLAT;35.3;0.8;0.8;B2;other;K562
163;K562-pool71-S2-C-GCCAAT;43653418;27866835;0.64;15786583;4578312;0.29;15786583;3007966;0.19;0.73;82.81;8845455;16;scSPLAT;34.5;0.9;0.9;B2;other;K562
164;K562-pool71-S2-D-CGATGT;27643844;17456638;0.63;10187206;3007284;0.3;10187206;1827585;0.18;0.72;82.55;6226380;16;scSPLAT;35;0.9;0.9;B2;other;K562
165;K562-pool71-S2-F-ATCACG;49135387;31506621;0.64;17628766;5200313;0.29;17628766;3395559;0.19;0.73;83;9830806;16;scSPLAT;33.9;1.6;1.5;B2;other;K562
166;K562-pool71-S2-G-TGACCA;60603261;40754626;0.67;19848635;6437743;0.32;19848635;4287872;0.22;0.76;82.93;11729551;16;scSPLAT;34.7;1.7;1.7;B2;other;K562
167;K562-pool71-S2-H-CAGATC;34556680;22754640;0.66;11802040;3696290;0.31;11802040;2522926;0.21;0.75;82.78;7475176;16;scSPLAT;33.5;1.1;1;B2;other;K562
168;K562-pool71-S2-I-CTTGTA;31551163;20345875;0.64;11205288;3170098;0.28;11205288;2121814;0.19;0.73;82.68;6588215;16;scSPLAT;34.6;2;2;B2;other;K562
169;K562-pool71-S2-J-GACGAG;27823158;15256055;0.55;12567103;2503518;0.2;12567103;1636762;0.13;0.62;82.94;5453136;16;scSPLAT;34;1.1;1.1;B2;other;K562
170;K562-pool71-S2-K-AAGGTC;32633715;20916853;0.64;11716862;3342186;0.29;11716862;2260763;0.19;0.73;82.8;7020633;16;scSPLAT;33.2;0.9;0.9;B2;other;K562
171;K562-pool71-S2-L-TGTAGC;22168857;14628708;0.66;7540149;2283938;0.3;7540149;1526025;0.2;0.75;82.62;5123381;16;scSPLAT;34.6;1.1;1.1;B2;other;K562
172;K562-pool71-S2-M-TTGGCA;42068692;28044719;0.67;14023973;4451358;0.32;14023973;2992146;0.21;0.76;82.57;9226495;16;scSPLAT;36;0.9;0.9;B2;other;K562
173;K562-pool71-S2-N-CTACTG;2802103;399957;0.14;2402146;36490;0.02;2402146;29976;0.01;0.15;84.5;97203;16;scSPLAT;82.6;61;61.4;B2;other;K562
174;K562-pool71-S2-O-CATATG;44842596;30169765;0.67;14672831;5003573;0.34;14672831;3095614;0.21;0.76;82.61;9717894;16;scSPLAT;38.9;1.1;1.1;B2;other;K562
175;K562-pool71-S2-P-GTATAC;31894898;21318404;0.67;10576494;3227576;0.31;10576494;2167494;0.2;0.75;82.79;6955917;16;scSPLAT;31.9;0.9;0.8;B2;other;K562
176;K562-pool71-S2-Q-ACCTTC;29880632;19410876;0.65;10469756;2965774;0.28;10469756;2065214;0.2;0.73;82.74;6389817;16;scSPLAT;30.1;0.9;0.9;B2;other;K562
177;K562-pool72-S3-A-TAGCTT;35387149;24211806;0.68;11175343;3204754;0.29;11175343;2551710;0.23;0.77;73.76;10288604;16;scSPLAT;32.9;0.9;0.8;B2;other;K562
178;K562-pool72-S3-B-ACTTGA;32990264;22038358;0.67;10951906;3547490;0.32;10951906;2426132;0.22;0.76;74.21;10098061;16;scSPLAT;32.5;1;1;B2;other;K562
179;K562-pool72-S3-C-GCCAAT;27445039;18164113;0.66;9280926;2743113;0.3;9280926;1945171;0.21;0.75;74.1;8451100;16;scSPLAT;34.6;1;0.9;B2;cluster2;K562
180;K562-pool72-S3-D-CGATGT;16192924;10435903;0.64;5757021;1729744;0.3;5757021;1097914;0.19;0.73;74.36;5504440;16;scSPLAT;34.7;1.2;1.1;B2;other;K562
181;K562-pool72-S3-F-ATCACG;21473411;14287130;0.67;7186281;2268635;0.32;7186281;1533917;0.21;0.75;73.73;7403178;16;scSPLAT;35.8;1.6;1.6;B2;other;K562
182;K562-pool72-S3-G-TGACCA;28421148;19440589;0.68;8980559;2891537;0.32;8980559;2079837;0.23;0.77;74.47;9232761;16;scSPLAT;35.2;1.6;1.6;B2;other;K562
183;K562-pool72-S3-H-CAGATC;17549588;11702272;0.67;5847316;1848159;0.32;5847316;1301678;0.22;0.76;74.47;6019638;16;scSPLAT;32.5;1;1;B2;other;K562
184;K562-pool72-S3-I-CTTGTA;15222718;9928246;0.65;5294472;1486418;0.28;5294472;1029504;0.19;0.73;74.36;5152801;16;scSPLAT;35.7;1.9;1.9;B2;other;K562
185;K562-pool72-S3-J-GACGAG;8268746;5030869;0.61;3237877;862193;0.27;3237877;606183;0.19;0.7;74.34;2895419;16;scSPLAT;36.2;4.7;4.9;B2;other;K562
186;K562-pool72-S3-K-AAGGTC;22494290;14757517;0.66;7736773;2318184;0.3;7736773;1760547;0.23;0.75;73.6;7823951;16;scSPLAT;38;1.1;1.1;B2;other;K562
187;K562-pool72-S3-L-TGTAGC;24787972;16949338;0.68;7838634;2404790;0.31;7838634;1888630;0.24;0.77;73.73;7955190;16;scSPLAT;35.1;0.9;0.8;B2;other;K562
188;K562-pool72-S3-M-TTGGCA;18691561;12443626;0.67;6247935;1835878;0.29;6247935;1402213;0.22;0.75;73.41;6542558;16;scSPLAT;34.8;1;1;B2;other;K562
189;K562-pool72-S3-N-CTACTG;13739533;8626418;0.63;5113115;1280326;0.25;5113115;922544;0.18;0.71;74.42;4260429;16;scSPLAT;31.5;2;2;B2;other;K562
190;K562-pool72-S3-O-CATATG;15034419;9933702;0.66;5100717;1550125;0.3;5100717;1058662;0.21;0.75;74.17;5148664;16;scSPLAT;33;1.2;1.2;B2;cluster2;K562
191;K562-pool72-S3-P-GTATAC;27068430;18777846;0.69;8290584;2641204;0.32;8290584;2000940;0.24;0.78;73.91;8857992;16;scSPLAT;36.7;0.9;0.8;B2;other;K562
192;K562-pool72-S3-Q-ACCTTC;13489208;8756658;0.65;4732550;1314454;0.28;4732550;985172;0.21;0.73;73.91;4705020;16;scSPLAT;34;0.9;0.9;B2;other;K562
193;K562-pool73-S4-A-TAGCTT;54517704;33729433;0.62;20788271;5382660;0.26;20788271;3698378;0.18;0.7;84.7;9489103;16;scSPLAT;35;0.9;0.9;B2;other;K562
194;K562-pool73-S4-B-ACTTGA;66527572;43877679;0.66;22649893;6774361;0.3;22649893;4563649;0.2;0.74;85.07;11126892;16;scSPLAT;34.6;0.9;0.8;B2;other;K562
195;K562-pool73-S4-C-GCCAAT;31870765;20020892;0.63;11849873;2818123;0.24;11849873;2019464;0.17;0.7;85;5507313;16;scSPLAT;33.2;1;0.9;B2;other;K562
196;K562-pool73-S4-D-CGATGT;45140184;29592824;0.66;15547360;4711455;0.3;15547360;2984069;0.19;0.74;84.95;8502221;16;scSPLAT;35.2;0.9;0.9;B2;other;K562
197;K562-pool73-S4-F-ATCACG;44193616;25773581;0.58;18420035;3600574;0.2;18420035;2564198;0.14;0.65;85.19;7039968;16;scSPLAT;32.7;2.4;2.4;B2;other;K562
198;K562-pool73-S4-G-TGACCA;67437781;45488042;0.67;21949739;6544367;0.3;21949739;4601591;0.21;0.76;85.14;11341769;16;scSPLAT;36;1.7;1.7;B2;other;K562
199;K562-pool73-S4-H-CAGATC;29721979;19187918;0.65;10534061;2879806;0.27;10534061;2051224;0.19;0.73;85.08;5578673;16;scSPLAT;34.1;1.2;1.2;B2;other;K562
200;K562-pool73-S4-I-CTTGTA;39495108;25486784;0.65;14008324;3566418;0.25;14008324;2505785;0.18;0.72;85.06;7101569;16;scSPLAT;32.4;1.9;1.9;B2;other;K562
201;K562-pool73-S4-J-GACGAG;32742062;21510534;0.66;11231528;3260464;0.29;11231528;2216106;0.2;0.74;85.04;6430814;16;scSPLAT;33.4;1.1;1.1;B2;other;K562
202;K562-pool73-S4-K-AAGGTC;34102895;22334691;0.65;11768204;3283700;0.28;11768204;2274718;0.19;0.74;84.94;6551888;16;scSPLAT;34.2;0.9;0.9;B2;other;K562
203;K562-pool73-S4-L-TGTAGC;38554148;25742532;0.67;12811616;3489490;0.27;12811616;2588523;0.2;0.75;84.89;6935007;16;scSPLAT;31.9;0.9;0.9;B2;other;K562
204;K562-pool73-S4-M-TTGGCA;32666501;21448824;0.66;11217677;3143141;0.28;11217677;2169314;0.19;0.74;84.89;6313373;16;scSPLAT;33.9;1.2;1.2;B2;other;K562
205;K562-pool73-S4-N-CTACTG;68484811;47054518;0.69;21430293;6753392;0.32;21430293;4616021;0.22;0.77;85.05;11632806;16;scSPLAT;33.1;1.3;1.3;B2;other;K562
206;K562-pool73-S4-O-CATATG;36923632;24421990;0.66;12501642;3747024;0.3;12501642;2414088;0.19;0.74;84.87;7079030;16;scSPLAT;35;1.2;1.2;B2;other;K562
207;K562-pool73-S4-P-GTATAC;37340310;24865679;0.67;12474631;3621191;0.29;12474631;2497883;0.2;0.75;84.93;7123271;16;scSPLAT;32.6;0.9;0.9;B2;other;K562
208;K562-pool73-S4-Q-ACCTTC;26270263;16722751;0.64;9547512;2406427;0.25;9547512;1709729;0.18;0.71;84.79;4990499;16;scSPLAT;32.2;0.9;0.9;B2;other;K562
209;K562-pool74-S5-A-TAGCTT;18404670;10987878;0.6;7416792;1275558;0.17;7416792;1059802;0.14;0.66;79.32;4719134;16;scSPLAT;34.9;1.8;1.9;B2;other;K562
210;K562-pool74-S5-B-ACTTGA;19720238;12340137;0.63;7380101;1478763;0.2;7380101;1155541;0.16;0.69;79.9;5168349;16;scSPLAT;33.5;1;0.9;B2;cluster2;K562
211;K562-pool74-S5-C-GCCAAT;16951567;10561355;0.62;6390212;1245824;0.19;6390212;986174;0.15;0.69;79.68;4477208;16;scSPLAT;34.3;1;1;B2;other;K562
212;K562-pool74-S5-D-CGATGT;15869782;10022656;0.63;5847126;1203863;0.21;5847126;902114;0.15;0.7;79.82;4349297;16;scSPLAT;33.2;1;1;B2;other;K562
213;K562-pool74-S5-F-ATCACG;28855063;19419393;0.67;9435670;2176719;0.23;9435670;1751356;0.19;0.74;80.09;7228430;16;scSPLAT;34.2;1.9;1.9;B2;other;K562
214;K562-pool74-S5-G-TGACCA;22500551;14831578;0.66;7668973;1583868;0.21;7668973;1298743;0.17;0.72;80.06;5919564;16;scSPLAT;38.1;2.8;3;B2;other;K562
215;K562-pool74-S5-H-CAGATC;20938311;13983126;0.67;6955185;1572293;0.23;6955185;1278685;0.18;0.74;80.05;5741035;16;scSPLAT;36.5;1.3;1.3;B2;other;K562
216;K562-pool74-S5-I-CTTGTA;28991424;19987395;0.69;9004029;2199812;0.24;9004029;1764240;0.2;0.76;80.07;7879880;16;scSPLAT;38.2;1.9;2;B2;other;K562
217;K562-pool74-S5-J-GACGAG;15722314;9319977;0.59;6402337;1123132;0.18;6402337;895102;0.14;0.66;80.12;4013969;16;scSPLAT;37.4;2.9;3;B2;other;K562
218;K562-pool74-S5-K-AAGGTC;20179171;13335526;0.66;6843645;1539221;0.22;6843645;1247206;0.18;0.73;79.79;5538646;16;scSPLAT;35;1.1;1.1;B2;other;K562
219;K562-pool74-S5-L-TGTAGC;13368303;8840744;0.66;4527559;1000371;0.22;4527559;821557;0.18;0.73;79.73;3725836;16;scSPLAT;35.1;1.2;1.2;B2;other;K562
220;K562-pool74-S5-M-TTGGCA;2488560;144239;0.06;2344321;15404;0.01;2344321;14621;0.01;0.06;80.01;47313;16;scSPLAT;79.3;24.7;27.2;B2;other;K562
221;K562-pool74-S5-N-CTACTG;20715333;13640246;0.66;7075087;1543380;0.22;7075087;1236198;0.17;0.73;79.97;5576472;16;scSPLAT;33.3;2.2;2.3;B2;other;K562
222;K562-pool74-S5-O-CATATG;10227692;6494749;0.64;3732943;719858;0.19;3732943;570863;0.15;0.7;79.82;2711937;16;scSPLAT;32.3;1.9;2;B2;other;K562
223;K562-pool74-S5-P-GTATAC;28639616;19770972;0.69;8868644;2269079;0.26;8868644;1806992;0.2;0.76;79.88;7705225;16;scSPLAT;37.7;1;1;B2;other;K562
224;K562-pool74-S5-Q-ACCTTC;20544724;13513840;0.66;7030884;1584712;0.23;7030884;1284841;0.18;0.73;79.56;5816389;16;scSPLAT;37.1;1.2;1.3;B2;cluster2;K562
225;K562-pool75-S6-A-TAGCTT;46341828;30953757;0.67;15388071;4738134;0.31;15388071;3202514;0.21;0.75;80.16;10160033;16;scSPLAT;34.4;1.2;1.2;B2;cluster2;K562
226;K562-pool75-S6-B-ACTTGA;28900860;18371788;0.64;10529072;3204450;0.3;10529072;1881446;0.18;0.72;80.62;6979405;16;scSPLAT;35.2;0.9;0.8;B2;other;K562
227;K562-pool75-S6-C-GCCAAT;25100428;15816341;0.63;9284087;2781854;0.3;9284087;1621439;0.17;0.72;80.39;5979160;16;scSPLAT;34.6;0.9;0.9;B2;other;K562
228;K562-pool75-S6-D-CGATGT;27912106;18004366;0.65;9907740;3125541;0.32;9907740;1756817;0.18;0.73;80.31;7117006;16;scSPLAT;37.7;1;0.9;B2;other;K562
229;K562-pool75-S6-F-ATCACG;25696352;16427639;0.64;9268713;2651632;0.29;9268713;1608036;0.17;0.72;80.69;6092567;16;scSPLAT;33.4;1.8;1.8;B2;cluster2;K562
230;K562-pool75-S6-G-TGACCA;2344894;454846;0.19;1890048;40025;0.02;1890048;31366;0.02;0.21;81.76;118036;16;scSPLAT;76.6;65.9;65.2;B2;other;K562
231;K562-pool75-S6-H-CAGATC;24116732;15873784;0.66;8242948;2535324;0.31;8242948;1581573;0.19;0.74;80.51;5951434;16;scSPLAT;35.1;1.2;1.1;B2;other;K562
232;K562-pool75-S6-I-CTTGTA;23873006;15406920;0.65;8466086;2315373;0.27;8466086;1453369;0.17;0.72;80.47;5685469;16;scSPLAT;32.8;1.9;2;B2;other;K562
233;K562-pool75-S6-J-GACGAG;21941677;14129847;0.64;7811830;2337407;0.3;7811830;1570474;0.2;0.73;80.47;5374468;16;scSPLAT;33.8;1.1;1.1;B2;other;K562
234;K562-pool75-S6-K-AAGGTC;34140895;22478894;0.66;11662001;3739502;0.32;11662001;2471076;0.21;0.75;80.49;8413094;16;scSPLAT;35.7;1;1;B2;cluster2;K562
235;K562-pool75-S6-L-TGTAGC;9081521;5547618;0.61;3533903;835095;0.24;3533903;561016;0.16;0.69;80.35;2143881;16;scSPLAT;30;1.4;1.4;B2;other;K562
236;K562-pool75-S6-M-TTGGCA;36465641;24423874;0.67;12041767;3725314;0.31;12041767;2518767;0.21;0.76;80.35;8805019;16;scSPLAT;37;1;0.9;B2;other;K562
237;K562-pool75-S6-N-CTACTG;33248969;21605415;0.65;11643554;3389590;0.29;11643554;2171927;0.19;0.73;80.5;7696140;16;scSPLAT;32.9;1.7;1.7;B2;other;K562
238;K562-pool75-S6-O-CATATG;22377068;14356642;0.64;8020426;2202645;0.27;8020426;1394097;0.17;0.72;80.37;5450741;16;scSPLAT;34.6;1.3;1.3;B2;other;K562
239;K562-pool75-S6-P-GTATAC;36952672;25085990;0.68;11866682;3866423;0.33;11866682;2488870;0.21;0.76;80.59;8886362;16;scSPLAT;34.3;0.9;0.8;B2;other;K562
240;K562-pool75-S6-Q-ACCTTC;33235958;21985989;0.66;11249969;3022287;0.27;11249969;2151062;0.19;0.74;81.09;7144836;16;scSPLAT;51.7;28.7;29;B2;other;K562
